pid,lower_bound,upper_bound,actual_value,predicted_value,is_anomaly
17464,-35.02784177807923,-27.649644221920774,-33.3,-31.338743,False
17464,-35.02784177807923,-27.649644221920774,-29.1,-31.338743,False
17464,-35.02784177807923,-27.649644221920774,-29.1,-31.338743,False
17464,-35.02784177807923,-27.649644221920774,-30.6,-31.338743,False
17464,-35.02784177807923,-27.649644221920774,-32.4,-31.338743,False
17464,-35.716808778079226,-28.33861122192077,-33.2,-32.02771,False
17464,-37.08035877807923,-29.702161221920775,-34.8,-33.39126,False
17464,-37.47074177807923,-30.092544221920775,-32.9,-33.781643,False
17464,-36.34608477807923,-28.967887221920776,-29.5,-32.656986,False
17464,-35.69122877807923,-28.313031221920774,-30.8,-32.00213,False
17464,-35.664465778079226,-28.28626822192077,-31.9,-31.975367,False
17464,-35.83719277807923,-28.458995221920773,-32.6,-32.148094,False
17464,-34.859193778079224,-27.480996221920773,-28.8,-31.170095,False
17464,-35.13170677807923,-27.753509221920773,-31.8,-31.442608,False
17464,-33.417595778079225,-26.039398221920774,-25.4,-29.728497,True
17464,-32.298263778079225,-24.920066221920774,-27.2,-28.609165,False
17464,-31.591436778079228,-24.213239221920773,-27.1,-27.902338,False
17464,-31.847154778079226,-24.46895722192077,-28.7,-28.158056,False
17464,-32.73027077807922,-25.352073221920772,-31.4,-29.041172,False
17464,-34.47525877807922,-27.09706122192077,-32.9,-30.78616,False
17464,-35.34316477807923,-27.964967221920773,-31.9,-31.654066,False
17464,-36.108368778079225,-28.73017122192077,-32.6,-32.41927,False
17464,-35.28801577807923,-27.909818221920773,-28.7,-31.598917,False
17464,-33.949728778079226,-26.57153122192077,-27.6,-30.26063,False
17464,-31.814451778079228,-24.436254221920773,-24.1,-28.125353,True
17464,-32.111494778079226,-24.733297221920772,-30.5,-28.422396,False
17464,-32.180200778079225,-24.802003221920774,-28.6,-28.491102,False
17464,-33.01236377807923,-25.634166221920772,-30.9,-29.323265,False
17464,-33.38434877807923,-26.006151221920774,-29.5,-29.69525,False
17464,-34.045677778079224,-26.667480221920773,-30.3,-30.356579,False
17464,-34.000135778079226,-26.62193822192077,-29.9,-30.311037,False
16717,-54.64666329583279,-50.624744704167206,-50.1,-52.635704,True
16717,-54.64666329583279,-50.624744704167206,-50.9,-52.635704,False
16717,-54.64666329583279,-50.624744704167206,-51.8,-52.635704,False
16717,-54.64666329583279,-50.624744704167206,-52.1,-52.635704,False
16717,-54.64666329583279,-50.624744704167206,-53.9,-52.635704,False
16717,-55.45947229583279,-51.43755370416721,-53.4,-53.448513,False
16717,-55.690845295832794,-51.66892670416721,-52.8,-53.679886,False
16717,-55.27610929583279,-51.25419070416721,-51.4,-53.26515,False
16717,-54.99407929583279,-50.97216070416721,-52.4,-52.98312,False
16717,-54.81009629583279,-50.78817770416721,-52.3,-52.799137,False
16717,-55.146199295832794,-51.12428070416721,-53.7,-53.13524,False
16717,-55.93294529583279,-51.911026704167206,-54.5,-53.921986,False
16717,-56.25052929583279,-52.22861070416721,-53.2,-54.23957,False
16717,-56.51369429583279,-52.49177570416721,-54.1,-54.502735,False
16717,-55.76600229583279,-51.74408370416721,-50.8,-53.755043,True
16717,-55.125255295832794,-51.10333670416721,-52.4,-53.114296,False
16717,-54.94321929583279,-50.92130070416721,-52.5,-52.93226,False
16717,-55.00785429583279,-50.98593570416721,-53.0,-52.996895,False
16717,-55.61605429583279,-51.59413570416721,-54.3,-53.605095,False
16717,-56.46491929583279,-52.44300070416721,-54.6,-54.45396,False
16717,-57.00061929583279,-52.97870070416721,-54.6,-54.98966,False
16717,-57.11906429583279,-53.09714570416721,-53.8,-55.108105,False
16717,-56.97688229583279,-52.954963704167206,-53.7,-54.965923,False
16717,-57.36639329583279,-53.34447470416721,-55.7,-55.355434,False
16717,-57.12005929583279,-53.09814070416721,-53.1,-55.1091,False
16717,-56.33582229583279,-52.31390370416721,-52.2,-54.324863,True
16717,-56.08306429583279,-52.06114570416721,-53.4,-54.072105,False
16717,-56.19447329583279,-52.17255470416721,-54.1,-54.183514,False
16717,-56.44112929583279,-52.419210704167206,-54.4,-54.43017,False
16717,-56.349853295832794,-52.32793470416721,-52.7,-54.338894,False
16717,-56.72450929583279,-52.70259070416721,-54.9,-54.71355,False
52478,-157.357839033721,-149.39606096627898,-150.9,-153.37695,False
52478,-157.357839033721,-149.39606096627898,-150.6,-153.37695,False
52478,-157.357839033721,-149.39606096627898,-151.4,-153.37695,False
52478,-157.357839033721,-149.39606096627898,-154.5,-153.37695,False
52478,-157.357839033721,-149.39606096627898,-156.6,-153.37695,False
52478,-158.860099033721,-150.898320966279,-156.1,-154.87921,False
52478,-159.940419033721,-151.978640966279,-154.1,-155.95953,False
52478,-160.90596903372102,-152.944190966279,-154.7,-156.92508,False
52478,-161.92288903372102,-153.961110966279,-158.7,-157.942,False
52478,-161.015249033721,-153.05347096627898,-153.1,-157.03436,False
52478,-160.350589033721,-152.38881096627898,-153.1,-156.3697,False
52478,-160.683339033721,-152.721560966279,-155.0,-156.70245,False
52478,-160.71558903372102,-152.753810966279,-154.5,-156.7347,False
52478,-159.25983903372102,-151.298060966279,-153.8,-155.27895,False
52478,-159.32913903372102,-151.367360966279,-153.1,-155.34825,False
52478,-159.067439033721,-151.10566096627898,-151.6,-155.08655,False
52478,-159.337239033721,-151.37546096627898,-156.3,-155.35635,False
52478,-159.92189903372102,-151.960120966279,-157.5,-155.94101,False
52478,-161.188969033721,-153.22719096627898,-159.7,-157.20808,False
52478,-162.027769033721,-154.06599096627897,-157.6,-158.04688,False
52478,-163.230229033721,-155.26845096627898,-158.0,-159.24934,False
52478,-163.419689033721,-155.45791096627897,-157.6,-159.4388,False
52478,-163.374689033721,-155.412910966279,-156.9,-159.3938,False
52478,-163.28678903372102,-155.325010966279,-158.6,-159.3059,False
52478,-163.60868903372102,-155.646910966279,-159.5,-159.6278,False
52478,-164.004429033721,-156.04265096627898,-160.9,-160.02354,False
52478,-163.898739033721,-155.93696096627897,-158.6,-159.91785,False
52478,-164.277059033721,-156.31528096627898,-160.0,-160.29617,False
52478,-164.48306903372102,-156.521290966279,-160.3,-160.50218,False
52478,-165.18148903372102,-157.219710966279,-164.1,-161.2006,False
52478,-165.237209033721,-157.27543096627898,-163.7,-161.25632,False
64719,-55.17396808342816,-51.164551916571845,-53.6,-53.16926,False
64719,-55.17396808342816,-51.164551916571845,-52.9,-53.16926,False
64719,-55.17396808342816,-51.164551916571845,-53.6,-53.16926,False
64719,-55.17396808342816,-51.164551916571845,-51.9,-53.16926,False
64719,-55.17396808342816,-51.164551916571845,-53.5,-53.16926,False
64719,-56.46979808342815,-52.46038191657184,-56.6,-54.46509,True
64719,-56.65887508342816,-52.649458916571845,-54.4,-54.654167,False
64719,-56.874268083428156,-52.864851916571844,-54.9,-54.86956,False
64719,-56.627938083428155,-52.618521916571844,-53.6,-54.62323,False
64719,-56.83715508342816,-52.827738916571846,-55.0,-54.832447,False
64719,-56.478265083428155,-52.468848916571844,-53.9,-54.473557,False
64719,-57.26803808342816,-53.25862191657185,-56.5,-55.26333,False
64719,-57.707698083428156,-53.698281916571844,-56.1,-55.70299,False
64719,-58.960431083428155,-54.95101491657184,-58.6,-56.955723,False
64719,-58.83961208342816,-54.830195916571846,-56.0,-56.834904,False
64719,-58.57704808342815,-54.56763191657184,-55.6,-56.57234,False
64719,-57.616068083428154,-53.60665191657184,-53.8,-55.61136,False
64719,-57.68993108342816,-53.680514916571845,-55.9,-55.685223,False
64719,-56.712922083428154,-52.70350591657184,-53.2,-54.708214,False
64719,-56.72655208342815,-52.71713591657184,-54.9,-54.721844,False
64719,-57.18887008342816,-53.179453916571845,-55.9,-55.184162,False
64719,-57.45700508342816,-53.447588916571846,-55.5,-55.452297,False
64719,-57.903664083428154,-53.89424791657184,-56.5,-55.898956,False
64719,-58.750478083428156,-54.741061916571844,-57.6,-56.74577,False
64719,-58.812463083428156,-54.803046916571844,-56.4,-56.807755,False
64719,-58.70047808342816,-54.69106191657185,-56.2,-56.69577,False
64719,-60.503236083428156,-56.493819916571844,-61.3,-58.498528,True
64719,-61.27786308342816,-57.26844691657185,-60.0,-59.273155,False
64719,-61.56058208342816,-57.55116591657185,-59.6,-59.555874,False
64719,-61.93154608342815,-57.92212991657184,-60.0,-59.926838,False
64719,-62.45107808342816,-58.441661916571846,-60.8,-60.44637,False
16112,-40.578352689574444,-34.794187310425556,-38.0,-37.68627,False
16112,-40.578352689574444,-34.794187310425556,-38.4,-37.68627,False
16112,-40.578352689574444,-34.794187310425556,-36.1,-37.68627,False
16112,-40.578352689574444,-34.794187310425556,-37.5,-37.68627,False
16112,-40.578352689574444,-34.794187310425556,-36.7,-37.68627,False
16112,-37.915527689574446,-32.13136231042556,-30.9,-35.023445,True
16112,-38.68035268957444,-32.89618731042555,-36.7,-35.78827,False
16112,-38.35147268957444,-32.567307310425555,-34.7,-35.45939,False
16112,-39.176422689574444,-33.392257310425556,-37.4,-36.28434,False
16112,-39.81986668957445,-34.03570131042556,-37.3,-36.927784,False
16112,-42.142746689574444,-36.358581310425556,-41.4,-39.250664,False
16112,-43.555052689574445,-37.77088731042556,-41.8,-40.66297,False
16112,-45.116730689574446,-39.33256531042556,-43.2,-42.224648,False
16112,-45.830102689574446,-40.04593731042556,-42.7,-42.93802,False
16112,-46.35124268957444,-40.56707731042555,-42.9,-43.45916,False
16112,-46.513645689574446,-40.72948031042556,-42.9,-43.621563,False
16112,-47.50579868957444,-41.72163331042555,-45.2,-44.613716,False
16112,-47.573517689574444,-41.789352310425556,-44.0,-44.681435,False
16112,-48.558517689574444,-42.774352310425556,-46.3,-45.666435,False
16112,-46.240912689574444,-40.456747310425555,-39.0,-43.34883,True
16112,-45.789692689574444,-40.005527310425556,-41.3,-42.89761,False
16112,-45.36446768957445,-39.58030231042556,-41.3,-42.472385,False
16112,-45.438822689574444,-39.654657310425556,-42.3,-42.54674,False
16112,-45.178417689574445,-39.39425231042556,-41.6,-42.286335,False
16112,-45.288284689574446,-39.50411931042556,-41.5,-42.396202,False
16112,-45.268089689574445,-39.48392431042556,-41.5,-42.376007,False
16112,-44.987622689574444,-39.203457310425556,-40.9,-42.09554,False
16112,-43.89989268957444,-38.115727310425555,-38.8,-41.00781,False
16112,-44.546772689574446,-38.76260731042556,-41.9,-41.65469,False
16112,-46.12226868957445,-40.33810331042556,-44.9,-43.230186,False
16112,-46.034218689574445,-40.25005331042556,-42.3,-43.142136,False
65032,-60.009024926653,-50.742303073347,-52.8,-55.375664,False
65032,-60.009024926653,-50.742303073347,-53.3,-55.375664,False
65032,-60.009024926653,-50.742303073347,-53.3,-55.375664,False
65032,-60.009024926653,-50.742303073347,-53.5,-55.375664,False
65032,-60.009024926653,-50.742303073347,-56.8,-55.375664,False
65032,-60.051317926653,-50.784596073347004,-56.4,-55.417957,False
65032,-60.078585926653,-50.811864073347,-53.9,-55.445225,False
65032,-60.099936926653,-50.833215073347006,-54.5,-55.466576,False
65032,-60.112272926653,-50.845551073347,-55.0,-55.478912,False
65032,-60.096983926652996,-50.830262073347,-53.9,-55.463623,False
65032,-60.074650926653,-50.807929073347005,-55.2,-55.44129,False
65032,-60.083850926653,-50.817129073347004,-54.3,-55.45049,False
65032,-60.087430926653,-50.820709073347004,-56.2,-55.45407,False
65032,-60.091402926653,-50.824681073347,-58.4,-55.458042,False
65032,-60.109037926652995,-50.842316073347,-57.4,-55.475677,False
65032,-60.115930926653,-50.849209073347005,-55.3,-55.48257,False
65032,-60.124556926653,-50.857835073347005,-56.8,-55.491196,False
65032,-60.125906926652995,-50.859185073347,-56.3,-55.492546,False
65032,-60.120560926653,-50.853839073347004,-55.8,-55.4872,False
65032,-60.116010926653,-50.849289073347,-56.7,-55.48265,False
65032,-60.118025926653,-50.851304073347,-51.7,-55.484665,False
65032,-60.112047926653,-50.845326073347,-57.0,-55.478687,False
65032,-60.108816926653,-50.842095073347004,-60.2,-55.475456,True
65032,-60.112253926653,-50.845532073347,-59.3,-55.478893,False
65032,-60.114660926652995,-50.847939073347,-56.0,-55.4813,False
65032,-60.129797926653,-50.863076073347,-58.0,-55.496437,False
65032,-60.130670926652996,-50.863949073347,-55.6,-55.49731,False
65032,-60.126250926653,-50.859529073347005,-50.3,-55.49289,True
65032,-60.113955926653,-50.847234073347,-56.2,-55.480595,False
65032,-60.105692926653,-50.838971073347004,-54.3,-55.472332,False
65032,-60.070562926653,-50.803841073347,-60.5,-55.437202,True
16378,-54.61347387925924,-50.69100612074076,-51.4,-52.65224,False
16378,-54.61347387925924,-50.69100612074076,-52.0,-52.65224,False
16378,-54.61347387925924,-50.69100612074076,-51.7,-52.65224,False
16378,-54.61347387925924,-50.69100612074076,-53.4,-52.65224,False
16378,-54.61347387925924,-50.69100612074076,-53.4,-52.65224,False
16378,-55.01674387925924,-51.09427612074076,-52.9,-53.05551,False
16378,-55.33560087925924,-51.41313312074076,-53.4,-53.374367,False
16378,-55.47442887925924,-51.55196112074076,-52.1,-53.513195,False
16378,-55.15913387925924,-51.23666612074076,-52.0,-53.1979,False
16378,-54.96032587925924,-51.03785812074076,-52.8,-52.999092,False
16378,-55.300428879259236,-51.37796112074076,-55.0,-53.339195,False
16378,-55.72122887925924,-51.798761120740764,-55.2,-53.759995,False
16378,-56.17637387925924,-52.25390612074076,-53.5,-54.21514,False
16378,-56.58076387925924,-52.65829612074076,-53.8,-54.61953,False
16378,-56.65944887925924,-52.73698112074076,-53.2,-54.698215,False
16378,-56.29961687925924,-52.37714912074076,-53.5,-54.338383,False
16378,-56.21133387925924,-52.288866120740764,-55.2,-54.2501,False
16378,-56.38010387925924,-52.45763612074076,-54.0,-54.41887,False
16378,-56.68777387925924,-52.76530612074076,-55.4,-54.72654,False
16378,-56.91464387925924,-52.99217612074076,-53.9,-54.95341,False
16378,-57.28459787925924,-53.36213012074076,-55.7,-55.323364,False
16378,-57.53277387925924,-53.61030612074076,-56.7,-55.57154,False
16378,-57.78053187925924,-53.858064120740764,-54.7,-55.819298,False
16378,-57.86707387925924,-53.94460612074076,-55.9,-55.90584,False
16378,-58.23859687925924,-54.31612912074076,-55.9,-56.277363,False
16378,-58.18097187925924,-54.25850412074076,-55.3,-56.219738,False
16378,-57.71478187925924,-53.79231412074076,-53.9,-55.753548,False
16378,-57.47936387925924,-53.55689612074076,-53.5,-55.51813,True
16378,-57.31086387925924,-53.38839612074076,-55.8,-55.34963,False
16378,-57.26211087925924,-53.33964312074076,-55.8,-55.300877,False
16378,-57.401529879259236,-53.47906212074076,-55.8,-55.440296,False
52657,-125.47770302360026,-119.66586697639976,-121.3,-122.571785,False
52657,-125.47770302360026,-119.66586697639976,-120.5,-122.571785,False
52657,-125.47770302360026,-119.66586697639976,-123.1,-122.571785,False
52657,-125.47770302360026,-119.66586697639976,-123.5,-122.571785,False
52657,-125.47770302360026,-119.66586697639976,-124.0,-122.571785,False
52657,-125.50121802360025,-119.68938197639974,-120.9,-122.5953,False
52657,-124.99151802360025,-119.17968197639975,-122.1,-122.0856,False
52657,-124.87884802360026,-119.06701197639975,-122.3,-121.97293,False
52657,-124.36152802360024,-118.54969197639974,-120.2,-121.45561,False
52657,-123.51890802360025,-117.70707197639975,-119.9,-120.61299,False
52657,-123.19664802360025,-117.38481197639975,-120.6,-120.29073,False
52657,-123.10180802360026,-117.28997197639976,-120.8,-120.19589,False
52657,-123.28968802360025,-117.47785197639975,-121.7,-120.38377,False
52657,-123.61763802360025,-117.80580197639975,-121.0,-120.71172,False
52657,-123.32416802360025,-117.51233197639975,-119.3,-120.41825,False
52657,-122.26924802360026,-116.45741197639975,-117.1,-119.36333,False
52657,-121.96920402360026,-116.15736797639975,-121.9,-119.063286,False
52657,-123.19227802360025,-117.38044197639975,-123.4,-120.28636,True
52657,-124.24634802360025,-118.43451197639975,-122.9,-121.34043,False
52657,-124.76430802360025,-118.95247197639975,-121.7,-121.85839,False
52657,-125.36493302360024,-119.55309697639974,-124.4,-122.459015,False
52657,-126.13783802360025,-120.32600197639975,-124.5,-123.23192,False
52657,-126.53168802360025,-120.71985197639975,-124.4,-123.62577,False
52657,-126.61840802360025,-120.80657197639975,-123.2,-123.71249,False
52657,-126.83480802360025,-121.02297197639975,-125.5,-123.92889,False
52657,-127.92385802360025,-122.11202197639975,-128.3,-125.01794,True
52657,-128.52425802360025,-122.71242197639975,-124.5,-125.61834,False
52657,-128.61406302360024,-122.80222697639975,-127.5,-125.708145,False
52657,-129.33554802360024,-123.52371197639975,-126.8,-126.42963,False
52657,-129.53100202360025,-123.71916597639975,-127.6,-126.625084,False
52657,-129.61962802360026,-123.80779197639976,-126.5,-126.71371,False
16101,-51.939261148401535,-47.72827885159847,-48.7,-49.83377,False
16101,-51.939261148401535,-47.72827885159847,-47.9,-49.83377,False
16101,-51.939261148401535,-47.72827885159847,-48.4,-49.83377,False
16101,-51.939261148401535,-47.72827885159847,-51.0,-49.83377,False
16101,-51.939261148401535,-47.72827885159847,-51.1,-49.83377,False
16101,-52.58652414840153,-48.37554185159846,-50.8,-50.481033,False
16101,-53.096397148401536,-48.88541485159847,-51.5,-50.990906,False
16101,-53.34563114840153,-49.13464885159846,-51.3,-51.24014,False
16101,-53.252791148401535,-49.04180885159847,-50.5,-51.1473,False
16101,-53.236071148401535,-49.02508885159847,-51.3,-51.13058,False
16101,-53.75379114840153,-49.542808851598465,-53.6,-51.6483,False
16101,-54.37384714840153,-50.162864851598464,-53.3,-52.268356,False
16101,-54.29563514840153,-50.08465285159846,-50.3,-52.190144,False
16101,-54.03262614840153,-49.821643851598466,-51.4,-51.927135,False
16101,-53.58748614840153,-49.376503851598464,-50.7,-51.481995,False
16101,-53.08617114840153,-48.875188851598466,-50.3,-50.98068,False
16101,-53.409396148401534,-49.19841385159847,-53.3,-51.303905,False
16101,-53.458347148401536,-49.24736485159847,-50.2,-51.352856,False
16101,-53.363021148401536,-49.15203885159847,-50.9,-51.25753,False
16101,-52.79850314840154,-48.58752085159847,-48.8,-50.693012,False
16101,-52.64182114840153,-48.430838851598466,-51.4,-50.53633,False
16101,-52.597551148401536,-48.38656885159847,-50.6,-50.49206,False
16101,-53.03380114840154,-48.82281885159847,-52.0,-50.92831,False
16101,-53.246616148401536,-49.03563385159847,-50.8,-51.141125,False
16101,-53.368625148401534,-49.15764285159847,-51.2,-51.263134,False
16101,-53.47740514840153,-49.26642285159846,-51.8,-51.371914,False
16101,-53.56141114840153,-49.350428851598465,-51.4,-51.45592,False
16101,-53.47854114840153,-49.267558851598466,-50.9,-51.37305,False
16101,-53.586505148401535,-49.37552285159847,-52.0,-51.481014,False
16101,-53.745001148401535,-49.53401885159847,-52.0,-51.63951,False
16101,-54.02906714840153,-49.818084851598464,-52.6,-51.923576,False
12412,-17.421409003987232,-10.755528996012767,-9.8,-14.088469,True
12412,-17.421409003987232,-10.755528996012767,-10.2,-14.088469,True
12412,-17.421409003987232,-10.755528996012767,-13.6,-14.088469,False
12412,-17.421409003987232,-10.755528996012767,-16.3,-14.088469,False
12412,-17.421409003987232,-10.755528996012767,-14.5,-14.088469,False
12412,-17.70887200398723,-11.042991996012768,-13.9,-14.375932,False
12412,-17.77019300398723,-11.104312996012768,-13.6,-14.437253,False
12412,-17.62853400398723,-10.962653996012767,-13.8,-14.295594,False
12412,-17.53286700398723,-10.866986996012768,-14.2,-14.199927,False
12412,-17.52613800398723,-10.860257996012768,-14.0,-14.193198,False
12412,-17.677624003987233,-11.011743996012768,-14.4,-14.344684,False
12412,-17.21882500398723,-10.552944996012767,-12.6,-13.885885,False
12412,-16.73037200398723,-10.064491996012768,-12.5,-13.397432,False
12412,-16.63893400398723,-9.973053996012768,-13.2,-13.305994,False
12412,-16.058907003987233,-9.393026996012768,-11.6,-12.725967,False
12412,-15.630333003987232,-8.964452996012767,-11.9,-12.297393,False
12412,-15.465274003987233,-8.799393996012768,-11.8,-12.132334,False
12412,-15.888058003987233,-9.222177996012768,-13.4,-12.555118,False
12412,-16.86898500398723,-10.203104996012767,-15.2,-13.536045,False
12412,-16.675041003987232,-10.009160996012767,-12.1,-13.342101,False
12412,-16.32964200398723,-9.663761996012768,-12.2,-12.996702,False
12412,-16.61333400398723,-9.947453996012767,-13.5,-13.280394,False
12412,-17.02486900398723,-10.358988996012767,-14.3,-13.691929,False
12412,-17.24748900398723,-10.581608996012767,-14.3,-13.914549,False
12412,-17.88415400398723,-11.218273996012767,-15.2,-14.551214,False
12412,-18.391283003987233,-11.725402996012768,-15.3,-15.058343,False
12412,-18.67706200398723,-12.011181996012768,-15.4,-15.344122,False
12412,-21.041360003987233,-14.375479996012768,-22.9,-17.70842,True
12412,-20.964238003987234,-14.298357996012768,-16.2,-17.631298,False
12412,-20.18116800398723,-13.515287996012766,-14.9,-16.848228,False
12412,-19.806172003987232,-13.140291996012767,-15.2,-16.473232,False
14956,-28.61370326656007,-22.532670733439932,-23.5,-25.573187,False
14956,-28.61370326656007,-22.532670733439932,-29.5,-25.573187,True
14956,-28.61370326656007,-22.532670733439932,-23.4,-25.573187,False
14956,-28.61370326656007,-22.532670733439932,-27.2,-25.573187,False
14956,-28.61370326656007,-22.532670733439932,-25.4,-25.573187,False
14956,-28.58412226656007,-22.503089733439932,-25.3,-25.543606,False
14956,-28.093369266560067,-22.01233673343993,-24.5,-25.052853,False
14956,-27.804962266560068,-21.72392973343993,-23.7,-24.764446,False
14956,-28.095896266560068,-22.01486373343993,-26.3,-25.05538,False
14956,-27.80111326656007,-21.720080733439932,-24.1,-24.760597,False
14956,-27.88069626656007,-21.79966373343993,-25.1,-24.84018,False
14956,-27.625013266560067,-21.54398073343993,-23.8,-24.584497,False
14956,-27.03325326656007,-20.952220733439933,-22.2,-23.992737,False
14956,-27.00028026656007,-20.91924773343993,-24.1,-23.959764,False
14956,-26.59600126656007,-20.514968733439932,-22.4,-23.555485,False
14956,-26.10979126656007,-20.028758733439933,-21.9,-23.069275,False
14956,-26.55847426656007,-20.47744173343993,-24.4,-23.517958,False
14956,-26.63966626656007,-20.558633733439933,-23.3,-23.59915,False
14956,-27.00810626656007,-20.927073733439933,-24.7,-23.96759,False
14956,-26.881165266560068,-20.80013273343993,-23.0,-23.840649,False
14956,-27.26167626656007,-21.180643733439933,-24.6,-24.22116,False
14956,-27.55777926656007,-21.47674673343993,-25.2,-24.517263,False
14956,-27.142960266560067,-21.06192773343993,-22.7,-24.102444,False
14956,-26.66411026656007,-20.583077733439932,-22.3,-23.623594,False
14956,-27.127522266560067,-21.04648973343993,-24.9,-24.087006,False
14956,-27.33208626656007,-21.25105373343993,-24.8,-24.29157,False
14956,-27.65460626656007,-21.573573733439932,-25.5,-24.61409,False
14956,-29.33764126656007,-23.256608733439933,-31.0,-26.297125,True
14956,-29.07508126656007,-22.994048733439932,-25.1,-26.034565,False
14956,-29.247898266560068,-23.16686573343993,-26.8,-26.207382,False
14956,-29.25582726656007,-23.17479473343993,-26.4,-26.215311,False
13316,-22.563716621699864,-15.479063378300136,-17.6,-19.02139,False
13316,-22.563716621699864,-15.479063378300136,-26.1,-19.02139,True
13316,-22.563716621699864,-15.479063378300136,-17.5,-19.02139,False
13316,-22.563716621699864,-15.479063378300136,-19.4,-19.02139,False
13316,-22.563716621699864,-15.479063378300136,-19.7,-19.02139,False
13316,-22.051243621699864,-14.966590378300136,-17.5,-18.508917,False
13316,-21.322823621699865,-14.238170378300136,-17.0,-17.780497,False
13316,-21.249699621699865,-14.165046378300136,-17.4,-17.707373,False
13316,-20.877562621699862,-13.792909378300134,-16.7,-17.335236,False
13316,-20.336140621699865,-13.251487378300137,-15.8,-16.793814,False
13316,-20.927420621699863,-13.842767378300135,-18.5,-17.385094,False
13316,-21.518456621699865,-14.433803378300137,-19.5,-17.97613,False
13316,-20.737091621699864,-13.652438378300136,-15.6,-17.194765,False
13316,-20.804134621699863,-13.719481378300134,-17.0,-17.261808,False
13316,-20.498246621699863,-13.413593378300135,-15.9,-16.95592,False
13316,-19.987104621699864,-12.902451378300135,-15.4,-16.444778,False
13316,-20.986034621699865,-13.901381378300137,-19.7,-17.443708,False
13316,-19.996582621699865,-12.911929378300137,-14.3,-16.454256,False
13316,-20.877443621699864,-13.792790378300136,-18.9,-17.335117,False
13316,-19.844824621699864,-12.760171378300136,-13.9,-16.302498,False
13316,-20.273926621699864,-13.189273378300136,-17.1,-16.7316,False
13316,-20.229096621699863,-13.144443378300135,-16.7,-16.68677,False
13316,-19.13686562169986,-12.052212378300135,-13.1,-15.594539,False
13316,-18.820360621699862,-11.735707378300136,-14.6,-15.278034,False
13316,-18.802477621699865,-11.717824378300136,-14.6,-15.260151,False
13316,-18.731310621699862,-11.646657378300135,-15.0,-15.188984,False
13316,-19.172655621699864,-12.088002378300136,-16.2,-15.630329,False
13316,-19.034987121699864,-11.950333878300135,-14.6,-15.4926605,False
13316,-19.475912621699862,-12.391259378300136,-16.2,-15.933586,False
13316,-19.399418621699866,-12.314765378300136,-15.2,-15.857092,False
13316,-19.975719621699863,-12.891066378300135,-17.1,-16.433393,False
65538,-56.95439571276425,-49.47261428723574,-50.8,-53.213505,False
65538,-56.95439571276425,-49.47261428723574,-49.6,-53.213505,False
65538,-56.95439571276425,-49.47261428723574,-49.5,-53.213505,False
65538,-56.95439571276425,-49.47261428723574,-55.5,-53.213505,False
65538,-56.95439571276425,-49.47261428723574,-52.1,-53.213505,False
65538,-57.484580712764256,-50.002799287235746,-53.0,-53.74369,False
65538,-57.31901071276425,-49.83722928723574,-50.3,-53.57812,False
65538,-57.727440712764256,-50.245659287235746,-54.5,-53.98655,False
65538,-57.78485071276425,-50.30306928723574,-52.8,-54.04396,False
65538,-57.89072071276426,-50.40893928723575,-52.8,-54.14983,False
65538,-58.39375371276426,-50.91197228723575,-54.4,-54.652863,False
65538,-58.691463712764254,-51.209682287235744,-53.2,-54.950573,False
65538,-58.101000712764254,-50.619219287235744,-51.5,-54.36011,False
65538,-57.783060712764254,-50.301279287235744,-52.4,-54.04217,False
65538,-57.992927712764256,-50.511146287235746,-54.0,-54.252037,False
65538,-58.61326571276425,-51.13148428723574,-55.2,-54.872375,False
65538,-59.11396471276426,-51.63218328723575,-54.1,-55.373074,False
65538,-59.47360671276426,-51.99182528723575,-54.2,-55.732716,False
65538,-60.82862871276426,-53.34684728723575,-59.0,-57.087738,False
65538,-61.836720712764254,-54.354939287235744,-57.4,-58.09583,False
65538,-61.990150712764255,-54.508369287235745,-55.7,-58.24926,False
65538,-63.545265712764255,-56.063484287235745,-62.2,-59.804375,False
65538,-64.24447671276425,-56.76269528723574,-58.2,-60.503586,False
65538,-63.77737871276425,-56.29559728723574,-56.7,-60.036488,False
65538,-64.24369871276426,-56.76191728723575,-60.3,-60.502808,False
65538,-65.42403471276425,-57.942253287235744,-62.7,-61.683144,False
65538,-64.44603371276426,-56.964252287235745,-54.9,-60.705143,True
65538,-64.48058771276426,-56.998806287235745,-60.2,-60.739697,False
65538,-64.34688071276426,-56.86509928723574,-57.6,-60.60599,False
65538,-64.21560271276425,-56.73382128723574,-59.7,-60.474712,False
65538,-63.89727771276426,-56.41549628723575,-57.5,-60.156387,False
16715,-47.73083254153495,-42.504947458465054,-43.6,-45.11789,False
16715,-47.73083254153495,-42.504947458465054,-43.7,-45.11789,False
16715,-47.73083254153495,-42.504947458465054,-44.2,-45.11789,False
16715,-47.73083254153495,-42.504947458465054,-44.2,-45.11789,False
16715,-47.73083254153495,-42.504947458465054,-46.1,-45.11789,False
16715,-48.18650254153495,-42.96061745846505,-46.1,-45.57356,False
16715,-48.00413954153495,-42.77825445846505,-44.7,-45.391197,False
16715,-47.59748554153495,-42.37160045846505,-43.8,-44.984543,False
16715,-48.393602541534946,-43.16771745846505,-47.1,-45.78066,False
16715,-47.514482541534946,-42.28859745846505,-42.9,-44.90154,False
16715,-47.44328254153495,-42.21739745846505,-44.7,-44.83034,False
16715,-48.19036954153495,-42.96448445846505,-46.7,-45.577427,False
16715,-47.40391654153495,-42.17803145846505,-42.8,-44.790974,False
16715,-47.38095954153495,-42.15507445846505,-44.8,-44.768017,False
16715,-48.08679654153495,-42.860911458465054,-46.3,-45.473854,False
16715,-47.64810654153495,-42.42222145846505,-43.9,-45.035164,False
16715,-48.17733454153495,-42.95144945846505,-46.7,-45.564392,False
16715,-47.76608754153495,-42.54020245846505,-43.7,-45.153145,False
16715,-48.20773754153495,-42.98185245846505,-46.4,-45.594795,False
16715,-49.25381254153495,-44.02792745846505,-48.7,-46.64087,False
16715,-50.91531254153495,-45.689427458465055,-51.8,-48.30237,True
16715,-50.00465254153495,-44.778767458465055,-46.0,-47.39171,False
16715,-49.33326254153495,-44.10737745846505,-45.3,-46.72032,False
16715,-49.16545954153495,-43.93957445846505,-46.1,-46.552517,False
16715,-48.707982541534946,-43.48209745846505,-45.4,-46.09504,False
16715,-48.78851254153495,-43.56262745846505,-47.0,-46.17557,False
16715,-48.43145454153495,-43.20556945846505,-45.0,-45.818512,False
16715,-48.44745754153495,-43.221572458465054,-45.8,-45.834515,False
16715,-49.10854054153495,-43.88265545846505,-47.8,-46.495598,False
16715,-48.985855541534946,-43.75997045846505,-46.1,-46.372913,False
16715,-49.27852754153495,-44.05264245846505,-47.5,-46.665585,False
17833,-54.922455743057185,-44.96007425694282,-46.1,-49.941265,False
17833,-54.922455743057185,-44.96007425694282,-49.6,-49.941265,False
17833,-54.922455743057185,-44.96007425694282,-47.7,-49.941265,False
17833,-54.922455743057185,-44.96007425694282,-52.7,-49.941265,False
17833,-54.922455743057185,-44.96007425694282,-51.4,-49.941265,False
17833,-55.063860743057184,-45.10147925694282,-50.7,-50.08267,False
17833,-54.789364743057185,-44.82698325694282,-49.4,-49.808174,False
17833,-54.458090743057184,-44.49570925694282,-48.5,-49.4769,False
17833,-50.06017774305718,-40.097796256942814,-35.7,-45.078987,True
17833,-49.68522774305718,-39.722846256942816,-43.0,-44.704037,False
17833,-50.98924074305718,-41.026859256942814,-47.9,-46.00805,False
17833,-52.62827774305718,-42.665896256942816,-51.0,-47.647087,False
17833,-52.540844743057185,-42.57846325694282,-47.4,-47.559654,False
17833,-53.998120743057186,-44.03573925694282,-50.5,-49.01693,False
17833,-53.70289374305718,-43.740512256942814,-47.3,-48.721703,False
17833,-52.97361874305718,-43.01123725694281,-45.8,-47.992428,False
17833,-53.95263774305718,-43.990256256942814,-51.1,-48.971447,False
17833,-54.36496074305718,-44.402579256942815,-50.6,-49.38377,False
17833,-54.52768074305718,-44.565299256942815,-50.5,-49.54649,False
17833,-53.23589474305718,-43.27351325694281,-44.8,-48.254704,False
17833,-53.52803074305719,-43.56564925694282,-48.2,-48.54684,False
17833,-53.808445743057185,-43.84606425694282,-49.6,-48.827255,False
17833,-53.176060743057185,-43.21367925694282,-46.9,-48.19487,False
17833,-52.425840743057186,-42.46345925694282,-45.5,-47.44465,False
17833,-51.748528743057186,-41.78614725694282,-44.2,-46.767338,False
17833,-51.552315743057186,-41.58993425694282,-45.4,-46.571125,False
17833,-51.342290743057184,-41.37990925694282,-45.5,-46.3611,False
17833,-52.005696743057186,-42.04331525694282,-47.6,-47.024506,False
17833,-53.477340743057184,-43.51495925694282,-51.1,-48.49615,False
17833,-53.309616743057184,-43.34723525694282,-47.5,-48.328426,False
17833,-54.257610743057185,-44.29522925694282,-51.0,-49.27642,False
13327,-5.2435800740101435,3.9830586740101435,1.1,-0.6302607,False
13327,-5.2435800740101435,3.9830586740101435,-2.0,-0.6302607,False
13327,-5.2435800740101435,3.9830586740101435,-0.1,-0.6302607,False
13327,-5.2435800740101435,3.9830586740101435,0.3,-0.6302607,False
13327,-5.2435800740101435,3.9830586740101435,-2.0,-0.6302607,False
13327,-6.164680974010143,3.0619577740101436,-4.3,-1.5513616,False
13327,-6.207403074010143,3.0192356740101434,-1.0,-1.5940837,False
13327,-5.768308374010143,3.4583303740101434,0.2,-1.154989,False
13327,-6.4362891740101436,2.7903495740101434,-5.1,-1.8229698,False
13327,-5.358404074010144,3.8682346740101434,4.9,-0.7450847,True
13327,-4.0676756240101435,5.1589631240101435,1.9,0.54564375,False
13327,-4.7222383390101434,4.5044004090101435,-2.8,-0.108918965,False
13327,-4.359196784010144,4.867441964010143,3.1,0.25412259,False
13327,-3.4002594740101433,5.826379274010144,2.5,1.2130599,False
13327,-3.8046300140101437,5.422008734010143,0.4,0.80868936,False
13327,-3.4653919740101435,5.761246774010143,3.4,1.1479274,False
13327,-3.057254374010143,6.169384374010144,1.8,1.556065,False
13327,-3.1383267740101433,6.088311974010144,2.3,1.4749926,False
13327,-2.6745597740101434,6.5520789740101435,4.3,1.9387596,False
13327,-2.1061424740101433,7.120496274010144,4.2,2.5071769,False
13327,-2.2603001740101436,6.966338574010143,2.5,2.3530192,False
13327,-1.4584254740101437,7.768213274010144,7.2,3.1548939,False
13327,-1.1988873740101433,8.027751374010144,3.8,3.414432,False
13327,-1.8183531740101433,7.408285574010144,2.2,2.7949662,False
13327,-1.5884599740101435,7.638178774010143,5.7,3.0248594,False
13327,-1.4581715740101435,7.768467174010143,3.6,3.1551478,False
13327,-0.8971433740101435,8.329495374010143,8.2,3.716176,False
13327,-1.8318936740101437,7.394745074010143,-0.8,2.7814257,False
13327,-3.3060101740101437,5.920628574010143,-1.3,1.3073092,False
13327,-3.5988728740101434,5.6277658740101435,2.5,1.0144465,False
13327,-4.400877704010144,4.825761044010143,-2.4,0.21244167,False
12416,-21.138716293965665,-11.284035706034338,-12.8,-16.211376,False
12416,-21.138716293965665,-11.284035706034338,-10.0,-16.211376,True
12416,-21.138716293965665,-11.284035706034338,-16.5,-16.211376,False
12416,-21.138716293965665,-11.284035706034338,-18.1,-16.211376,False
12416,-21.138716293965665,-11.284035706034338,-16.9,-16.211376,False
12416,-21.790850293965665,-11.936169706034338,-16.7,-16.86351,False
12416,-21.781634293965663,-11.926953706034336,-15.5,-16.854294,False
12416,-21.43035229396566,-11.575671706034335,-15.7,-16.503012,False
12416,-21.10116629396566,-11.246485706034335,-15.6,-16.173826,False
12416,-22.609640293965665,-12.754959706034338,-20.7,-17.6823,False
12416,-22.224282293965665,-12.369601706034338,-15.6,-17.296942,False
12416,-21.110892293965662,-11.256211706034335,-13.3,-16.183552,False
12416,-20.76542329396566,-10.910742706034338,-15.1,-15.838083,False
12416,-20.772169293965664,-10.917488706034337,-16.1,-15.844829,False
12416,-19.263451293965662,-9.408770706034339,-11.6,-14.336111,False
12416,-18.928104293965664,-9.073423706034337,-13.4,-14.000764,False
12416,-18.45716429396566,-8.602483706034338,-12.4,-13.529824,False
12416,-18.248953293965663,-8.394272706034336,-13.2,-13.321613,False
12416,-18.486318293965663,-8.631637706034336,-14.1,-13.558978,False
12416,-17.786722293965664,-7.932041706034338,-10.7,-12.859382,False
12416,-18.216874293965663,-8.362193706034336,-14.2,-13.289534,False
12416,-18.655839293965663,-8.801158706034336,-14.2,-13.728499,False
12416,-19.202425293965664,-9.347744706034337,-15.0,-14.275085,False
12416,-19.963297293965663,-10.108616706034336,-15.9,-15.035957,False
12416,-19.63800979396566,-9.783329206034338,-12.9,-14.7106695,False
12416,-19.416457293965664,-9.561776706034337,-13.8,-14.489117,False
12416,-19.66138529396566,-9.806704706034338,-15.1,-14.734045,False
12416,-19.38122029396566,-9.526539706034338,-13.7,-14.45388,False
12416,-23.025158293965664,-13.170477706034337,-25.5,-18.097818,True
12416,-24.073616293965664,-14.218935706034337,-19.1,-19.146276,False
12416,-27.476483293965664,-17.621802706034337,-27.8,-22.549143,True
17830,-31.198118568026864,-24.26110943197314,-27.0,-27.729614,False
17830,-31.198118568026864,-24.26110943197314,-27.1,-27.729614,False
17830,-31.198118568026864,-24.26110943197314,-27.2,-27.729614,False
17830,-31.198118568026864,-24.26110943197314,-28.7,-27.729614,False
17830,-31.198118568026864,-24.26110943197314,-29.1,-27.729614,False
17830,-31.168989568026863,-24.231980431973138,-27.2,-27.700485,False
17830,-30.768764568026864,-23.83175543197314,-26.6,-27.30026,False
17830,-30.920441568026863,-23.98343243197314,-28.5,-27.451937,False
17830,-30.900054568026864,-23.96304543197314,-27.5,-27.43155,False
17830,-30.613518568026862,-23.676509431973138,-27.3,-27.145014,False
17830,-30.499260568026862,-23.562251431973138,-27.0,-27.030756,False
17830,-30.68686956802686,-23.749860431973136,-28.0,-27.218365,False
17830,-29.54917556802686,-22.612166431973137,-23.1,-26.080671,False
17830,-28.578997568026864,-21.64198843197314,-24.7,-25.110493,False
17830,-26.796782568026863,-19.85977343197314,-19.6,-23.328278,True
17830,-24.557150568026863,-17.62014143197314,-18.9,-21.088646,False
17830,-23.74395456802686,-16.806945431973137,-22.0,-20.27545,False
17830,-24.242363568026864,-17.30535443197314,-22.9,-20.773859,False
17830,-24.99439656802686,-18.057387431973137,-24.8,-21.525892,False
17830,-24.337654568026863,-17.40064543197314,-18.1,-20.86915,False
17830,-24.210294568026864,-17.27328543197314,-22.1,-20.74179,False
17830,-25.140736568026863,-18.20372743197314,-24.3,-21.672232,False
17830,-26.09400456802686,-19.156995431973137,-25.1,-22.6255,False
17830,-26.87103756802686,-19.934028431973136,-25.9,-23.402533,False
17830,-28.40466556802686,-21.467656431973136,-26.9,-24.936161,False
17830,-29.46478756802686,-22.527778431973136,-27.7,-25.996283,False
17830,-30.43026556802686,-23.493256431973137,-29.0,-26.961761,False
17830,-30.72497656802686,-23.787967431973136,-27.0,-27.256472,False
17830,-31.11340056802686,-24.176391431973137,-29.1,-27.644896,False
17830,-31.343388568026864,-24.40637943197314,-27.9,-27.874884,False
17830,-31.271936568026863,-24.33492743197314,-28.0,-27.803432,False
64926,-58.07504227489447,-54.122157725105524,-54.6,-56.0986,False
64926,-58.07504227489447,-54.122157725105524,-54.1,-56.0986,True
64926,-58.07504227489447,-54.122157725105524,-54.3,-56.0986,False
64926,-58.07504227489447,-54.122157725105524,-57.4,-56.0986,False
64926,-58.07504227489447,-54.122157725105524,-56.1,-56.0986,False
64926,-58.41433227489448,-54.46144772510553,-56.3,-56.43789,False
64926,-58.096697274894474,-54.143812725105526,-54.8,-56.120255,False
64926,-57.888998274894476,-53.93611372510553,-55.3,-55.912556,False
64926,-57.63992527489447,-53.687040725105525,-55.3,-55.663483,False
64926,-57.32042927489447,-53.367544725105525,-54.7,-55.343987,False
64926,-56.70404627489447,-52.751161725105526,-53.7,-54.727604,False
64926,-56.94872827489447,-52.99584372510552,-55.5,-54.972286,False
64926,-57.19106227489447,-53.23817772510552,-55.4,-55.21462,False
64926,-57.71262527489447,-53.75974072510552,-56.3,-55.736183,False
64926,-58.06113627489447,-54.108251725105525,-56.0,-56.084694,False
64926,-58.10540227489447,-54.152517725105525,-55.5,-56.12896,False
64926,-58.67815227489447,-54.725267725105525,-57.3,-56.70171,False
64926,-58.76465227489447,-54.811767725105526,-56.2,-56.78821,False
64926,-59.127294274894474,-55.17440972510553,-57.3,-57.150852,False
64926,-59.61222227489447,-55.65933772510552,-57.7,-57.63578,False
64926,-58.844206274894475,-54.89132172510553,-54.7,-56.867764,True
64926,-59.08324627489447,-55.13036172510552,-57.5,-57.106804,False
64926,-58.752798274894474,-54.799913725105526,-55.6,-56.776356,False
64926,-59.52262227489447,-55.569737725105526,-58.7,-57.54618,False
64926,-59.03485627489447,-55.081971725105525,-55.4,-57.058414,False
64926,-59.42434527489447,-55.47146072510552,-57.6,-57.447903,False
64926,-58.76856827489448,-54.81568372510553,-55.1,-56.792126,False
64926,-58.693998274894476,-54.74111372510553,-56.4,-56.717556,False
64926,-58.47046227489447,-54.517577725105525,-56.0,-56.49402,False
64926,-58.927912274894474,-54.97502772510553,-57.3,-56.95147,False
64926,-60.23748627489447,-56.284601725105524,-59.9,-58.261044,False
16370,-33.17168497519868,-29.383831024801317,-31.8,-31.277758,False
16370,-33.17168497519868,-29.383831024801317,-30.1,-31.277758,False
16370,-33.17168497519868,-29.383831024801317,-30.5,-31.277758,False
16370,-33.17168497519868,-29.383831024801317,-31.8,-31.277758,False
16370,-33.17168497519868,-29.383831024801317,-30.6,-31.277758,False
16370,-33.69324697519868,-29.90539302480132,-32.1,-31.79932,False
16370,-34.82195897519868,-31.03410502480132,-33.8,-32.928032,False
16370,-33.98084697519868,-30.192993024801318,-30.7,-32.08692,False
16370,-33.64502197519868,-29.857168024801318,-31.0,-31.751095,False
16370,-34.10739397519868,-30.31954002480132,-32.3,-32.213467,False
16370,-35.69997997519868,-31.912126024801317,-35.3,-33.806053,False
16370,-37.05095897519868,-33.26310502480132,-36.5,-35.157032,False
16370,-36.83053397519868,-33.04268002480132,-34.3,-34.936607,False
16370,-37.48973697519868,-33.70188302480132,-35.9,-35.59581,False
16370,-36.61956697519868,-32.83171302480132,-33.3,-34.72564,False
16370,-36.689542975198684,-32.90168902480132,-34.6,-34.795616,False
16370,-37.28765697519868,-33.49980302480132,-35.9,-35.39373,False
16370,-37.04311997519868,-33.255266024801315,-34.6,-35.149193,False
16370,-37.757043975198684,-33.96919002480132,-36.5,-35.863117,False
16370,-36.40157197519868,-32.613718024801315,-32.6,-34.507645,True
16370,-36.03714697519868,-32.24929302480132,-33.4,-34.14322,False
16370,-36.68600297519868,-32.89814902480132,-35.3,-34.792076,False
16370,-36.43804397519868,-32.65019002480132,-34.0,-34.544117,False
16370,-37.08479697519868,-33.296943024801315,-35.8,-35.19087,False
16370,-35.91537697519868,-32.12752302480132,-32.3,-34.02145,False
16370,-35.566751975198684,-31.77889802480132,-32.9,-33.672825,False
16370,-34.68253897519868,-30.89468502480132,-31.5,-32.788612,False
16370,-33.03233697519868,-29.24448302480132,-28.9,-31.13841,True
16370,-32.38262197519868,-28.59476802480132,-29.6,-30.488695,False
16370,-32.15099697519868,-28.363143024801317,-29.7,-30.25707,False
16370,-31.98142497519868,-28.19357102480132,-29.7,-30.087498,False
20808,-76.83443648438596,-71.60738351561405,-71.2,-74.22091,True
20808,-76.83443648438596,-71.60738351561405,-72.0,-74.22091,False
20808,-76.83443648438596,-71.60738351561405,-74.5,-74.22091,False
20808,-76.83443648438596,-71.60738351561405,-74.0,-74.22091,False
20808,-76.83443648438596,-71.60738351561405,-73.8,-74.22091,False
20808,-77.22046648438595,-71.99341351561404,-74.5,-74.60694,False
20808,-77.26760648438595,-72.04055351561404,-73.6,-74.65408,False
20808,-77.05969648438595,-71.83264351561404,-73.5,-74.44617,False
20808,-76.94841148438596,-71.72135851561404,-73.5,-74.334885,False
20808,-76.84471648438596,-71.61766351561404,-73.4,-74.23119,False
20808,-76.25737148438596,-71.03031851561404,-71.5,-73.643845,False
20808,-76.33820648438596,-71.11115351561405,-74.0,-73.72468,False
20808,-76.15821648438596,-70.93116351561405,-71.9,-73.54469,False
20808,-76.86039648438596,-71.63334351561404,-76.4,-74.24687,False
20808,-76.97178648438596,-71.74473351561404,-72.5,-74.35826,False
20808,-77.08819648438596,-71.86114351561405,-74.5,-74.47467,False
20808,-77.48819048438595,-72.26113751561404,-75.0,-74.874664,False
20808,-77.21806648438596,-71.99101351561404,-72.6,-74.60454,False
20808,-77.59465648438595,-72.36760351561404,-76.7,-74.98113,False
20808,-78.19294048438596,-72.96588751561404,-75.4,-75.579414,False
20808,-78.44434648438596,-73.21729351561405,-76.1,-75.83082,False
20808,-78.67404648438595,-73.44699351561404,-75.8,-76.06052,False
20808,-79.15367648438595,-73.92662351561404,-77.3,-76.54015,False
20808,-78.73272048438595,-73.50566751561404,-73.9,-76.119194,False
20808,-77.71301648438596,-72.48596351561405,-72.4,-75.09949,True
20808,-77.15847148438596,-71.93141851561404,-73.5,-74.544945,False
20808,-77.07032148438596,-71.84326851561404,-74.2,-74.456795,False
20808,-77.63798648438596,-72.41093351561405,-76.8,-75.02446,False
20808,-78.50312648438596,-73.27607351561404,-76.9,-75.8896,False
20808,-78.85952648438595,-73.63247351561404,-75.7,-76.246,False
20808,-79.15177648438596,-73.92472351561405,-76.8,-76.53825,False
17120,-60.234836078847486,-55.34000792115251,-56.4,-57.787422,False
17120,-60.234836078847486,-55.34000792115251,-58.7,-57.787422,False
17120,-60.234836078847486,-55.34000792115251,-55.5,-57.787422,False
17120,-60.234836078847486,-55.34000792115251,-58.7,-57.787422,False
17120,-60.234836078847486,-55.34000792115251,-60.2,-57.787422,False
17120,-59.41006807884749,-54.515239921152514,-58.2,-56.962654,False
17120,-57.467830078847484,-52.57300192115251,-55.8,-55.020416,False
17120,-60.93037007884749,-56.035541921152515,-61.2,-58.482956,True
17120,-60.316544078847485,-55.42171592115251,-59.2,-57.86913,False
17120,-57.905524078847485,-53.01069592115251,-56.0,-55.45811,False
17120,-58.39380607884749,-53.498977921152516,-57.7,-55.946392,False
17120,-59.25123407884749,-54.356405921152515,-58.7,-56.80382,False
17120,-61.96376807884749,-57.06893992115251,-62.1,-59.516354,True
17120,-59.82701407884749,-54.93218592115252,-58.1,-57.3796,False
17120,-58.92061207884748,-54.02578392115251,-57.3,-56.473198,False
17120,-54.827914078847485,-49.93308592115251,-52.0,-52.3805,False
17120,-55.486370078847486,-50.59154192115251,-55.2,-53.038956,False
17120,-56.911924078847484,-52.01709592115251,-57.6,-54.46451,True
17120,-58.26985407884749,-53.37502592115251,-58.7,-55.82244,True
17120,-57.370697078847485,-52.47586892115251,-56.7,-54.923283,False
17120,-62.37157007884749,-57.47674192115252,-63.2,-59.924156,True
17120,-59.547184078847486,-54.65235592115251,-57.5,-57.09977,False
17120,-60.002040078847486,-55.10721192115251,-58.9,-57.554626,False
17120,-59.08350707884749,-54.188678921152515,-57.7,-56.636093,False
17120,-59.78674707884749,-54.89191892115252,-58.9,-57.339333,False
17120,-59.465179078847484,-54.57035092115251,-58.6,-57.017765,False
17120,-57.073704078847484,-52.17887592115251,-55.2,-54.62629,False
17120,-57.52368407884749,-52.628855921152514,-57.0,-55.07627,False
17120,-58.777271078847484,-53.88244292115251,-58.7,-56.329857,False
17120,-59.520164078847486,-54.62533592115251,-59.2,-57.07275,False
17120,-57.912349078847484,-53.01752092115251,-56.6,-55.464935,False
49421,-56.75231690048899,-51.89999709951101,-52.9,-54.326157,False
49421,-56.75231690048899,-51.89999709951101,-51.2,-54.326157,True
49421,-56.75231690048899,-51.89999709951101,-52.2,-54.326157,False
49421,-56.75231690048899,-51.89999709951101,-55.1,-54.326157,False
49421,-56.75231690048899,-51.89999709951101,-54.5,-54.326157,False
49421,-56.93941590048899,-52.08709609951101,-53.9,-54.513256,False
49421,-57.43311990048899,-52.58080009951101,-54.6,-55.00696,False
49421,-57.65308990048899,-52.80077009951101,-54.3,-55.22693,False
49421,-57.42179990048899,-52.56948009951101,-53.9,-54.99564,False
49421,-58.02821490048899,-53.17589509951101,-56.2,-55.602055,False
49421,-59.36370190048899,-54.51138209951101,-58.6,-56.937542,False
49421,-60.40936390048899,-55.55704409951101,-58.8,-57.983204,False
49421,-60.95770390048899,-56.10538409951101,-58.0,-58.531544,False
49421,-61.75877990048899,-56.90646009951101,-59.3,-59.33262,False
49421,-61.39383790048899,-56.54151809951101,-56.5,-58.967678,True
49421,-60.98285390048899,-56.13053409951101,-57.0,-58.556694,False
49421,-61.04159690048899,-56.18927709951101,-58.2,-58.615437,False
49421,-60.19193990048899,-55.33962009951101,-54.9,-57.76578,True
49421,-61.02511990048899,-56.17280009951101,-60.5,-58.59896,False
49421,-60.98161790048899,-56.12929809951101,-56.9,-58.555458,False
49421,-61.43538990048899,-56.58307009951101,-59.1,-59.00923,False
49421,-60.82786690048899,-55.97554709951101,-56.0,-58.401707,False
49421,-61.17585990048899,-56.32354009951101,-58.1,-58.7497,False
49421,-61.34959490048899,-56.49727509951101,-59.1,-58.923435,False
49421,-61.47005590048899,-56.617736099511006,-58.0,-59.043896,False
49421,-61.30979990048899,-56.45748009951101,-57.9,-58.88364,False
49421,-61.384869900488994,-56.53255009951101,-57.7,-58.95871,False
49421,-61.59541990048899,-56.74310009951101,-58.8,-59.16926,False
49421,-61.34899590048899,-56.496676099511006,-57.6,-58.922836,False
49421,-61.21090790048899,-56.35858809951101,-57.6,-58.784748,False
49421,-61.47629290048899,-56.62397309951101,-58.8,-59.050133,False
16098,-49.673291841843415,-46.809794158156585,-47.4,-48.241543,False
16098,-49.673291841843415,-46.809794158156585,-47.6,-48.241543,False
16098,-49.673291841843415,-46.809794158156585,-47.7,-48.241543,False
16098,-49.673291841843415,-46.809794158156585,-48.4,-48.241543,False
16098,-49.673291841843415,-46.809794158156585,-48.6,-48.241543,False
16098,-49.74564084184342,-46.88214315815659,-48.2,-48.313892,False
16098,-49.898354841843414,-47.03485715815658,-48.6,-48.466606,False
16098,-49.661448841843416,-46.797951158156586,-47.4,-48.2297,False
16098,-49.53267884184341,-46.66918115815658,-47.8,-48.10093,False
16098,-49.47567084184342,-46.61217315815659,-47.9,-48.043922,False
16098,-50.061513841843414,-47.198016158156584,-50.0,-48.629765,False
16098,-50.61551884184342,-47.75202115815659,-50.4,-49.18377,False
16098,-50.480728841843415,-47.617231158156585,-48.3,-49.04898,False
16098,-50.537583841843414,-47.674086158156584,-49.0,-49.105835,False
16098,-50.27683384184341,-47.41333615815658,-47.9,-48.845085,False
16098,-49.942082841843416,-47.078585158156585,-48.0,-48.510334,False
16098,-50.330408841843415,-47.466911158156584,-50.2,-48.89866,False
16098,-50.395978841843416,-47.532481158156585,-48.9,-48.96423,False
16098,-50.77071884184342,-47.90722115815659,-50.3,-49.33897,False
16098,-50.813578841843416,-47.950081158156586,-49.1,-49.38183,False
16098,-51.05268584184341,-48.18918815815658,-50.0,-49.620937,False
16098,-51.57624184184341,-48.71274415815658,-51.6,-50.144493,True
16098,-51.50508884184342,-48.64159115815659,-49.7,-50.07334,False
16098,-51.510762841843416,-48.647265158156586,-50.3,-50.079014,False
16098,-51.64561184184342,-48.78211415815659,-50.4,-50.213863,False
16098,-51.58447884184341,-48.72098115815658,-50.1,-50.15273,False
16098,-51.10351284184342,-48.24001515815659,-48.9,-49.671764,False
16098,-50.76624484184342,-47.902747158156586,-48.6,-49.334496,False
16098,-50.99810884184342,-48.13461115815659,-50.4,-49.56636,False
16098,-51.23802284184342,-48.37452515815659,-50.6,-49.806274,False
16098,-51.36708584184341,-48.50358815815658,-50.4,-49.935337,False
38168,-101.2634633053346,-95.5526966946654,-95.9,-98.40808,False
38168,-101.2634633053346,-95.5526966946654,-96.6,-98.40808,False
38168,-101.2634633053346,-95.5526966946654,-96.9,-98.40808,False
38168,-101.2634633053346,-95.5526966946654,-99.9,-98.40808,False
38168,-101.2634633053346,-95.5526966946654,-99.8,-98.40808,False
38168,-101.9267933053346,-96.2160266946654,-98.7,-99.07141,False
38168,-102.3264733053346,-96.6157066946654,-98.8,-99.47109,False
38168,-102.6110833053346,-96.9003166946654,-99.9,-99.7557,False
38168,-102.75494330533459,-97.0441766946654,-101.2,-99.89956,False
38168,-102.7707273053346,-97.0599606946654,-98.2,-99.915344,False
38168,-102.94817330533459,-97.2374066946654,-100.3,-100.09279,False
38168,-103.1379633053346,-97.4271966946654,-100.8,-100.28258,False
38168,-103.4196683053346,-97.7089016946654,-102.1,-100.564285,False
38168,-103.9211033053346,-98.2103366946654,-103.6,-101.06572,False
38168,-104.7328473053346,-99.0220806946654,-102.9,-101.877464,False
38168,-105.1863133053346,-99.4755466946654,-102.7,-102.33093,False
38168,-105.78046330533459,-100.0696966946654,-106.1,-102.92508,True
38168,-106.1358093053346,-100.42504269466541,-103.7,-103.280426,False
38168,-106.4310333053346,-100.7202666946654,-105.2,-103.57565,False
38168,-106.6831133053346,-100.9723466946654,-104.3,-103.82773,False
38168,-106.8082833053346,-101.0975166946654,-104.3,-103.9529,False
38168,-106.7499033053346,-101.0391366946654,-105.7,-103.89452,False
38168,-106.95538930533459,-101.2446226946654,-105.2,-104.100006,False
38168,-107.1085573053346,-101.3977906946654,-105.9,-104.253174,False
38168,-107.32469330533459,-101.6139266946654,-105.5,-104.46931,False
38168,-107.4377533053346,-101.7269866946654,-105.2,-104.58237,False
38168,-107.4596733053346,-101.74890669466541,-106.1,-104.60429,False
38168,-107.2119233053346,-101.5011566946654,-102.5,-104.35654,False
38168,-106.9547133053346,-101.2439466946654,-105.2,-104.09933,False
38168,-106.8674833053346,-101.1567166946654,-105.6,-104.0121,False
38168,-107.1392583053346,-101.4284916946654,-107.5,-104.283875,True
15362,-51.175097088534656,-45.15444291146534,-46.5,-48.16477,False
15362,-51.175097088534656,-45.15444291146534,-47.1,-48.16477,False
15362,-51.175097088534656,-45.15444291146534,-47.5,-48.16477,False
15362,-51.175097088534656,-45.15444291146534,-46.1,-48.16477,False
15362,-51.175097088534656,-45.15444291146534,-48.3,-48.16477,False
15362,-51.72834508853466,-45.70769091146534,-48.7,-48.718018,False
15362,-51.05383008853466,-45.03317591146534,-46.6,-48.043503,False
15362,-51.37007708853466,-45.34942291146534,-48.0,-48.35975,False
15362,-51.75215708853466,-45.73150291146534,-48.4,-48.74183,False
15362,-53.040917088534655,-47.02026291146534,-51.0,-50.03059,False
15362,-53.98114508853466,-47.96049091146534,-51.8,-50.970818,False
15362,-55.082543088534656,-49.06188891146534,-53.0,-52.072216,False
15362,-54.017834088534656,-47.99717991146534,-49.4,-51.007507,False
15362,-54.41477308853466,-48.39411891146534,-51.2,-51.404446,False
15362,-54.102097088534656,-48.08144291146534,-50.3,-51.09177,False
15362,-53.664780088534656,-47.64412591146534,-49.7,-50.654453,False
15362,-54.00521108853466,-47.98455691146534,-51.1,-50.994884,False
15362,-53.76229708853466,-47.74164291146534,-50.0,-50.75197,False
15362,-54.32012708853466,-48.299472911465344,-51.6,-51.3098,False
15362,-54.27615708853466,-48.25550291146534,-50.9,-51.26583,False
15362,-54.709257088534656,-48.68860291146534,-51.8,-51.69893,False
15362,-54.91130508853466,-48.89065091146534,-51.9,-51.900978,False
15362,-55.01820108853466,-48.99754691146534,-51.8,-52.007874,False
15362,-54.77024908853466,-48.749594911465344,-51.2,-51.759922,False
15362,-54.73673708853466,-48.71608291146534,-51.3,-51.72641,False
15362,-49.56120708853466,-43.54055291146534,-39.7,-46.55088,True
15362,-51.86597508853466,-45.84532091146534,-50.6,-48.855648,False
15362,-53.42505708853466,-47.40440291146534,-52.0,-50.41473,False
15362,-54.05307408853466,-48.03241991146534,-51.8,-51.042747,False
15362,-54.40641108853466,-48.38575691146534,-51.9,-51.396084,False
15362,-55.26504708853466,-49.24439291146534,-52.3,-52.25472,False
17474,-35.66016280515592,-32.04710519484408,-32.1,-33.853634,False
17474,-35.66016280515592,-32.04710519484408,-31.4,-33.853634,True
17474,-35.66016280515592,-32.04710519484408,-33.8,-33.853634,False
17474,-35.66016280515592,-32.04710519484408,-34.1,-33.853634,False
17474,-35.66016280515592,-32.04710519484408,-34.4,-33.853634,False
17474,-35.75844080515592,-32.14538319484408,-33.7,-33.951912,False
17474,-35.63503180515592,-32.02197419484408,-33.3,-33.828503,False
17474,-35.45337180515592,-31.840314194844076,-33.3,-33.646843,False
17474,-36.12458680515592,-32.51152919484408,-35.3,-34.318058,False
17474,-35.10427380515592,-31.49121619484408,-31.6,-33.297745,False
17474,-35.11545480515592,-31.50239719484408,-33.4,-33.308926,False
17474,-35.61185880515592,-31.998801194844077,-34.4,-33.80533,False
17474,-34.927145805155924,-31.314088194844082,-32.0,-33.120617,False
17474,-34.73719680515592,-31.124139194844076,-32.8,-32.930668,False
17474,-34.40732880515592,-30.79427119484408,-31.9,-32.6008,False
17474,-33.59287480515592,-29.97981719484408,-30.7,-31.786346,False
17474,-34.00721580515592,-30.39415819484408,-33.1,-32.200687,False
17474,-34.09073180515592,-30.477674194844077,-32.3,-32.284203,False
17474,-34.53218880515592,-30.919131194844077,-33.4,-32.72566,False
17474,-34.79240880515592,-31.17935119484408,-33.1,-32.98588,False
17474,-35.677961805155924,-32.06490419484408,-34.9,-33.871433,False
17474,-35.64986280515592,-32.03680519484408,-33.5,-33.843334,False
17474,-34.958361805155924,-31.345304194844083,-31.9,-33.151833,False
17474,-34.78009880515592,-31.16704119484408,-32.7,-32.97357,False
17474,-34.42770680515592,-30.81464919484408,-32.1,-32.621178,False
17474,-34.00468280515592,-30.39162519484408,-31.8,-32.198154,False
17474,-33.81241480515592,-30.199357194844076,-31.8,-32.005886,False
17474,-33.537738805155925,-29.924681194844077,-31.3,-31.73121,False
17474,-34.56643880515592,-30.953381194844077,-34.4,-32.75991,False
17474,-35.33228880515592,-31.719231194844077,-34.4,-33.52576,False
17474,-35.65861880515592,-32.045561194844076,-34.0,-33.85209,False
15164,-26.710883639433455,-21.132008360566545,-22.3,-23.921446,False
15164,-26.710883639433455,-21.132008360566545,-28.1,-23.921446,True
15164,-26.710883639433455,-21.132008360566545,-22.6,-23.921446,False
15164,-26.710883639433455,-21.132008360566545,-24.1,-23.921446,False
15164,-26.710883639433455,-21.132008360566545,-24.0,-23.921446,False
15164,-26.698298639433457,-21.119423360566547,-23.8,-23.908861,False
15164,-26.093419639433456,-20.514544360566546,-23.2,-23.303982,False
15164,-26.004552639433456,-20.425677360566546,-23.1,-23.215115,False
15164,-26.093365639433454,-20.514490360566544,-23.8,-23.303928,False
15164,-25.610293639433454,-20.031418360566544,-22.3,-22.820856,False
15164,-25.653948639433455,-20.075073360566545,-23.3,-22.864511,False
15164,-25.466265639433455,-19.887390360566545,-22.6,-22.676828,False
15164,-24.643870639433455,-19.064995360566545,-20.6,-21.854433,False
15164,-24.679770639433453,-19.100895360566543,-22.5,-21.890333,False
15164,-24.064557639433456,-18.485682360566546,-20.4,-21.27512,False
15164,-23.318431639433456,-17.739556360566546,-19.7,-20.528994,False
15164,-24.082946639433455,-18.504071360566545,-23.3,-21.293509,False
15164,-24.042023639433456,-18.463148360566546,-21.3,-21.252586,False
15164,-24.316947639433454,-18.738072360566544,-22.5,-21.52751,False
15164,-24.349492639433453,-18.770617360566543,-21.6,-21.560055,False
15164,-24.844330639433455,-19.265455360566545,-22.8,-22.054893,False
15164,-25.309891639433456,-19.731016360566546,-23.8,-22.520454,False
15164,-24.874968639433455,-19.296093360566545,-21.3,-22.085531,False
15164,-24.236842639433455,-18.657967360566545,-20.5,-21.447405,False
15164,-24.753507639433455,-19.174632360566545,-23.1,-21.96407,False
15164,-25.379794639433456,-19.800919360566546,-24.1,-22.590357,False
15164,-25.705384639433454,-20.126509360566544,-24.0,-22.915947,False
15164,-28.447583639433454,-22.868708360566544,-30.0,-25.658146,True
15164,-27.941251639433457,-22.362376360566547,-24.0,-25.151814,False
15164,-27.964759639433456,-22.385884360566546,-25.0,-25.175322,False
15164,-27.611797639433455,-22.032922360566545,-24.1,-24.82236,False
25862,-92.11224461996673,-86.58049538003326,-86.8,-89.34637,False
25862,-92.11224461996673,-86.58049538003326,-85.5,-89.34637,True
25862,-92.11224461996673,-86.58049538003326,-83.9,-89.34637,True
25862,-92.11224461996673,-86.58049538003326,-87.8,-89.34637,False
25862,-92.11224461996673,-86.58049538003326,-86.0,-89.34637,True
25862,-92.29110461996673,-86.75935538003326,-86.4,-89.52523,True
25862,-92.19494461996673,-86.66319538003326,-85.8,-89.42907,True
25862,-93.00946461996674,-87.47771538003326,-87.8,-90.24359,False
25862,-93.65313461996674,-88.12138538003326,-89.1,-90.88726,False
25862,-94.18887461996674,-88.65712538003326,-89.2,-91.423,False
25862,-95.93311461996674,-90.40136538003327,-92.7,-93.16724,False
25862,-96.95342061996674,-91.42167138003326,-93.1,-94.187546,False
25862,-98.19926461996674,-92.66751538003327,-94.6,-95.43339,False
25862,-98.89806961996673,-93.36632038003326,-94.7,-96.132195,False
25862,-98.54147861996674,-93.00972938003326,-92.4,-95.775604,True
25862,-98.55813461996674,-93.02638538003326,-92.8,-95.79226,True
25862,-99.23228461996673,-93.70053538003326,-95.0,-96.46641,False
25862,-98.99453461996674,-93.46278538003327,-94.0,-96.22866,False
25862,-99.18980961996674,-93.65806038003326,-94.4,-96.423935,False
25862,-97.95654861996674,-92.42479938003326,-90.6,-95.190674,True
25862,-98.43189461996674,-92.90014538003327,-93.1,-95.66602,False
25862,-98.53931461996673,-93.00756538003326,-93.9,-95.77344,False
25862,-96.91929461996673,-91.38754538003326,-89.3,-94.15342,True
25862,-98.17773961996674,-92.64599038003327,-94.2,-95.411865,False
25862,-97.46426461996674,-91.93251538003327,-91.4,-94.69839,True
25862,-98.73132861996673,-93.19957938003326,-95.2,-95.965454,False
25862,-97.75130961996673,-92.21956038003326,-91.6,-94.985435,True
25862,-98.80711961996674,-93.27537038003327,-94.3,-96.041245,False
25862,-99.28531461996674,-93.75356538003327,-95.3,-96.51944,False
25862,-100.09158861996674,-94.55983938003327,-96.4,-97.325714,False
25862,-101.58878861996673,-96.05703938003326,-99.5,-98.822914,False
19456,-48.80410395470356,-42.15877604529644,-44.3,-45.48144,False
19456,-48.80410395470356,-42.15877604529644,-42.4,-45.48144,False
19456,-48.80410395470356,-42.15877604529644,-45.7,-45.48144,False
19456,-48.80410395470356,-42.15877604529644,-44.9,-45.48144,False
19456,-48.80410395470356,-42.15877604529644,-47.1,-45.48144,False
19456,-47.62870995470356,-40.983382045296445,-42.4,-44.306046,False
19456,-47.64537395470356,-41.00004604529644,-44.5,-44.32271,False
19456,-48.178960954703555,-41.53363304529644,-45.8,-44.856297,False
19456,-47.105729954703556,-40.46040204529644,-42.3,-43.783066,False
19456,-47.292253954703554,-40.64692604529644,-44.7,-43.96959,False
19456,-48.03160595470356,-41.38627804529644,-45.7,-44.708942,False
19456,-49.311573954703555,-42.66624604529644,-48.1,-45.98891,False
19456,-47.74741395470356,-41.102086045296446,-42.0,-44.42475,False
19456,-46.66033695470356,-40.015009045296445,-41.9,-43.337673,False
19456,-45.98434995470356,-39.339022045296446,-41.9,-42.661686,False
19456,-47.19030195470356,-40.54497404529644,-46.1,-43.867638,False
19456,-47.63221095470356,-40.986883045296445,-45.2,-44.309547,False
19456,-47.87216395470356,-41.226836045296444,-44.8,-44.5495,False
19456,-48.23675395470356,-41.591426045296444,-45.3,-44.91409,False
19456,-47.03548595470356,-40.390158045296445,-41.8,-43.712822,False
19456,-49.685540954703555,-43.04021304529644,-51.0,-46.362877,True
19456,-49.50909195470356,-42.86376404529644,-45.6,-46.186428,False
19456,-48.94717995470356,-42.30185204529644,-45.0,-45.624516,False
19456,-49.84948095470356,-43.204153045296444,-48.0,-46.526817,False
19456,-48.50799395470356,-41.86266604529644,-42.9,-45.18533,False
19456,-48.51130395470356,-41.86597604529644,-46.0,-45.18864,False
19456,-48.111096954703555,-41.46576904529644,-44.2,-44.788433,False
19456,-48.320063954703556,-41.67473604529644,-45.6,-44.9974,False
19456,-48.259370954703556,-41.61404304529644,-45.1,-44.936707,False
19456,-48.24503895470356,-41.599711045296445,-44.9,-44.922375,False
19456,-49.70319395470356,-43.05786604529644,-48.9,-46.38053,False
17089,-43.86071537298726,-38.269572627012735,-39.4,-41.065144,False
17089,-43.86071537298726,-38.269572627012735,-37.7,-41.065144,True
17089,-43.86071537298726,-38.269572627012735,-39.8,-41.065144,False
17089,-43.86071537298726,-38.269572627012735,-42.4,-41.065144,False
17089,-43.86071537298726,-38.269572627012735,-41.4,-41.065144,False
17089,-43.823147372987265,-38.23200462701274,-40.2,-41.027576,False
17089,-44.08713137298726,-38.495988627012736,-41.2,-41.29156,False
17089,-44.05379537298726,-38.46265262701274,-40.7,-41.258224,False
17089,-43.33868137298726,-37.74753862701274,-39.1,-40.54311,False
17089,-42.89773637298726,-37.30659362701274,-39.4,-40.102165,False
17089,-42.49817337298726,-36.90703062701274,-38.8,-39.702602,False
17089,-42.40451937298726,-36.81337662701274,-39.7,-39.608948,False
17089,-41.41326637298726,-35.822123627012736,-36.3,-38.617695,False
17089,-41.23536737298726,-35.64422462701274,-38.7,-38.439796,False
17089,-41.13305337298726,-35.54191062701274,-37.8,-38.337482,False
17089,-40.71451637298726,-35.12337362701274,-37.2,-37.918945,False
17089,-41.21373837298726,-35.622595627012736,-39.6,-38.418167,False
17089,-41.98522637298726,-36.39408362701274,-39.9,-39.189655,False
17089,-42.03286437298726,-36.44172162701274,-38.8,-39.237293,False
17089,-42.03407437298726,-36.44293162701274,-38.8,-39.238503,False
17089,-42.48419137298726,-36.89304862701274,-40.2,-39.68862,False
17089,-42.78903637298726,-37.19789362701274,-40.2,-39.993465,False
17089,-41.91897637298726,-36.32783362701274,-36.9,-39.123405,False
17089,-42.75540637298726,-37.16426362701274,-42.1,-39.959835,False
17089,-42.814721372987265,-37.22357862701274,-38.9,-40.01915,False
17089,-42.70600637298726,-37.11486362701274,-40.0,-39.910435,False
17089,-42.66529137298726,-37.07414862701274,-39.2,-39.86972,False
17089,-41.179311372987264,-35.58816862701274,-34.9,-38.38374,True
17089,-41.70010437298726,-36.10896162701274,-41.4,-38.904533,False
17089,-42.39228137298726,-36.80113862701274,-39.9,-39.59671,False
17089,-43.08717837298726,-37.49603562701274,-41.7,-40.291607,False
9582,-5.6500160924989515,-2.328245907501049,-5.8,-3.989131,True
9582,-5.6500160924989515,-2.328245907501049,-1.9,-3.989131,True
9582,-5.6500160924989515,-2.328245907501049,-4.5,-3.989131,False
9582,-5.6500160924989515,-2.328245907501049,-4.0,-3.989131,False
9582,-5.6500160924989515,-2.328245907501049,-4.5,-3.989131,False
9582,-5.4166757924989515,-2.094905607501049,-3.6,-3.7557907,False
9582,-4.793095092498952,-1.471324907501049,-2.2,-3.13221,False
9582,-4.393373092498951,-1.071602907501049,-2.7,-2.732488,False
9582,-4.636854092498951,-1.315083907501049,-3.8,-2.975969,False
9582,-4.826360092498951,-1.5045899075010487,-3.7,-3.165475,False
9582,-5.630490792498951,-2.3087206075010487,-5.4,-3.9696057,False
9582,-4.817041892498951,-1.495271707501049,-1.5,-3.1561568,False
9582,-4.739916792498951,-1.4181466075010487,-3.6,-3.0790317,False
9582,-4.532909392498951,-1.211139207501049,-2.7,-2.8720243,False
9582,-4.048358692498951,-0.7265885075010488,-2.0,-2.3874736,False
9582,-4.1600908924989515,-0.8383207075010488,-3.4,-2.4992058,False
9582,-4.738183992498952,-1.416413807501049,-4.0,-3.0772989,False
9582,-4.053736692498951,-0.7319665075010491,-1.3,-2.3928516,False
9582,-4.115027692498951,-0.7932575075010488,-3.2,-2.4541426,False
9582,-4.0472626924989505,-0.7254925075010488,-2.3,-2.3863776,False
9582,-4.212924092498952,-0.8911539075010491,-3.3,-2.552039,False
9582,-4.144704292498951,-0.822934107501049,-2.6,-2.4838192,False
9582,-4.350450792498951,-1.028680607501049,-3.2,-2.6895657,False
9582,-3.991090292498951,-0.6693201075010489,-1.9,-2.3302052,False
9582,-3.895953392498951,-0.5741832075010489,-2.5,-2.2350683,False
9582,-3.9052028924989513,-0.583432707501049,-2.6,-2.2443178,False
9582,-4.084170092498951,-0.7623999075010488,-3.0,-2.423285,False
9582,-4.211830092498952,-0.8900599075010489,-3.0,-2.550945,False
9582,-4.637401792498951,-1.3156316075010488,-3.8,-2.9765167,False
9582,-4.345905092498951,-1.024134907501049,-2.2,-2.68502,False
9582,-4.233763692498951,-0.911993507501049,-2.8,-2.5728786,False
17489,-52.267039875347265,-47.200500124652734,-46.8,-49.73377,True
17489,-52.267039875347265,-47.200500124652734,-50.7,-49.73377,False
17489,-52.267039875347265,-47.200500124652734,-47.4,-49.73377,False
17489,-52.267039875347265,-47.200500124652734,-49.8,-49.73377,False
17489,-52.267039875347265,-47.200500124652734,-51.1,-49.73377,False
17489,-51.78439987534727,-46.71786012465274,-46.5,-49.25113,True
17489,-50.97448587534726,-45.90794612465273,-46.8,-48.441216,False
17489,-51.02978687534726,-45.96324712465273,-48.9,-48.496517,False
17489,-51.19613487534726,-46.12959512465273,-48.9,-48.662865,False
17489,-51.00997687534726,-45.94343712465273,-47.5,-48.476707,False
17489,-51.39456787534726,-46.32802812465273,-49.6,-48.861298,False
17489,-51.94662987534726,-46.88009012465273,-50.2,-49.41336,False
17489,-51.932756875347266,-46.866217124652735,-48.6,-49.399487,False
17489,-52.01289587534727,-46.94635612465274,-49.6,-49.479626,False
17489,-52.07846687534727,-47.011927124652736,-49.2,-49.545197,False
17489,-52.17014487534727,-47.10360512465274,-49.9,-49.636875,False
17489,-52.59602987534726,-47.52949012465273,-51.2,-50.06276,False
17489,-52.58953287534727,-47.522993124652736,-49.2,-50.056263,False
17489,-52.361127875347265,-47.29458812465273,-49.2,-49.827858,False
17489,-51.66095587534726,-46.59441612465273,-46.9,-49.127686,False
17489,-51.157521875347264,-46.09098212465273,-47.9,-48.624252,False
17489,-51.596349875347265,-46.529810124652734,-50.8,-49.06308,False
17489,-52.21023987534726,-47.14370012465273,-50.6,-49.67697,False
17489,-52.899652875347265,-47.83311312465273,-51.8,-50.366383,False
17489,-53.395383875347264,-48.32884412465273,-51.3,-50.862114,False
17489,-53.48542587534727,-48.41888612465274,-50.8,-50.952156,False
17489,-53.22079687534727,-48.15425712465274,-50.0,-50.687527,False
17489,-53.09019287534726,-48.02365312465273,-50.6,-50.556923,False
17489,-53.20644187534727,-48.139902124652735,-51.4,-50.673172,False
17489,-53.344525875347266,-48.277986124652735,-51.2,-50.811256,False
17489,-53.81181987534727,-48.74528012465274,-52.9,-51.27855,False
51191,2.6315946180950043,12.596568181904995,6.7,7.6140814,False
51191,2.6315946180950043,12.596568181904995,9.5,7.6140814,False
51191,2.6315946180950043,12.596568181904995,8.8,7.6140814,False
51191,2.6315946180950043,12.596568181904995,5.0,7.6140814,False
51191,2.6315946180950043,12.596568181904995,10.2,7.6140814,False
51191,4.103412218095004,14.068385781904995,11.7,9.085899,False
51191,4.613746218095004,14.578719781904995,11.0,9.596233,False
51191,4.284387218095004,14.249360781904995,9.1,9.266874,False
51191,1.0482172180950045,11.013190781904996,-0.4,6.030704,True
51191,4.192380218095005,14.157353781904996,16.7,9.174867,True
51191,5.582313218095004,15.547286781904996,12.9,10.5648,False
51191,4.589058218095005,14.554031781904996,8.8,9.571545,False
51191,5.066163218095005,15.031136781904996,11.3,10.04865,False
51191,6.2842512180950045,16.249224781904996,13.1,11.266738,False
51191,5.8163842180950045,15.781357781904996,11.2,10.798871,False
51191,5.890553218095004,15.855526781904995,11.9,10.87304,False
51191,4.852703218095005,14.817676781904996,8.5,9.83519,False
51191,3.8140062180950043,13.778979781904996,8.1,8.796493,False
51191,3.0107452180950043,12.975718781904995,7.7,7.993232,False
51191,2.5242929180950044,12.489266481904995,7.7,7.5067797,False
51191,3.2999702180950052,13.264943781904996,10.6,8.282457,False
51191,4.8238632180950045,14.788836781904996,12.7,9.80635,False
51191,5.192939718095005,15.157913281904996,11.1,10.1754265,False
51191,7.263674218095005,17.228647781904996,16.0,12.246161,False
51191,8.162642218095005,18.127615781904996,14.8,13.145129,False
51191,7.575427218095005,17.540400781904996,12.3,12.557914,False
51191,6.821491218095005,16.786464781904996,11.4,11.803978,False
51191,9.821874218095004,19.786847781904996,20.4,14.804361,True
51191,9.917402218095004,19.882375781904997,16.0,14.899889,False
51191,11.554470218095005,21.519443781904997,20.3,16.536957,False
51191,11.453609218095004,21.418582781904995,16.9,16.436096,False
16382,-50.83040220752402,-46.825007792475986,-46.6,-48.827705,True
16382,-50.83040220752402,-46.825007792475986,-46.8,-48.827705,True
16382,-50.83040220752402,-46.825007792475986,-47.6,-48.827705,False
16382,-50.83040220752402,-46.825007792475986,-50.7,-48.827705,False
16382,-50.83040220752402,-46.825007792475986,-49.7,-48.827705,False
16382,-51.38130720752402,-47.37591279247599,-49.1,-49.37861,False
16382,-51.546237207524015,-47.540842792475985,-49.9,-49.54354,False
16382,-50.950905207524016,-46.945510792475986,-48.6,-48.948208,False
16382,-50.75109520752402,-46.745700792475986,-48.6,-48.748398,False
16382,-50.716713207524016,-46.711318792475986,-49.1,-48.714016,False
16382,-51.37339020752402,-47.36799579247599,-51.1,-49.370693,False
16382,-52.30696120752402,-48.30156679247599,-51.3,-50.304264,False
16382,-51.80368020752402,-47.79828579247599,-48.0,-49.800983,False
16382,-51.089870207524015,-47.084475792475985,-48.8,-49.087173,False
16382,-50.33029220752402,-46.32489779247599,-48.4,-48.327595,False
16382,-49.991727207524015,-45.986332792475984,-47.8,-47.98903,False
16382,-50.500561207524015,-46.495166792475985,-49.7,-48.497864,False
16382,-50.91612220752401,-46.91072779247598,-49.6,-48.913425,False
16382,-51.62079220752401,-47.61539779247598,-50.6,-49.618095,False
16382,-51.47868720752402,-47.47329279247599,-48.5,-49.47599,False
16382,-50.96693420752401,-46.96153979247598,-48.8,-48.964237,False
16382,-51.126397207524015,-47.121002792475984,-50.2,-49.1237,False
16382,-51.34367020752401,-47.33827579247598,-49.9,-49.340973,False
16382,-51.52920720752402,-47.52381279247599,-49.3,-49.52651,False
16382,-51.44770420752401,-47.44230979247598,-49.6,-49.445007,False
16382,-51.40777220752401,-47.40237779247598,-50.0,-49.405075,False
16382,-51.369854207524014,-47.364459792475984,-49.3,-49.367157,False
16382,-51.35870420752401,-47.35330979247598,-49.5,-49.356007,False
16382,-51.49898720752402,-47.49359279247599,-50.2,-49.49629,False
16382,-51.47080720752402,-47.46541279247599,-49.5,-49.46811,False
16382,-51.98699720752401,-47.98160279247598,-51.1,-49.9843,False
53001,-144.9356499559358,-139.1035300440642,-139.2,-142.01959,False
53001,-144.9356499559358,-139.1035300440642,-137.4,-142.01959,True
53001,-144.9356499559358,-139.1035300440642,-139.5,-142.01959,False
53001,-144.9356499559358,-139.1035300440642,-143.0,-142.01959,False
53001,-144.9356499559358,-139.1035300440642,-143.0,-142.01959,False
53001,-145.2522699559358,-139.4201500440642,-142.4,-142.33621,False
53001,-145.2457899559358,-139.41367004406422,-141.9,-142.32973,False
53001,-145.1742399559358,-139.34212004406422,-141.9,-142.25818,False
53001,-145.5863899559358,-139.7542700440642,-143.2,-142.67033,False
53001,-145.8557999559358,-140.0236800440642,-142.9,-142.93974,False
53001,-146.3059199559358,-140.4738000440642,-143.9,-143.38986,False
53001,-147.0978999559358,-141.2657800440642,-144.8,-144.18184,False
53001,-147.4368399559358,-141.6047200440642,-144.4,-144.52078,False
53001,-147.1209599559358,-141.28884004406422,-143.5,-144.2049,False
53001,-146.3885499559358,-140.5564300440642,-142.3,-143.47249,False
53001,-146.2177599559358,-140.38564004406422,-143.2,-143.3017,False
53001,-146.40017995593578,-140.5680600440642,-143.5,-143.48412,False
53001,-147.5312199559358,-141.6991000440642,-146.1,-144.61516,False
53001,-149.2229299559358,-143.3908100440642,-147.9,-146.30687,False
53001,-149.4778299559358,-143.6457100440642,-145.9,-146.56177,False
53001,-150.1287499559358,-144.29663004406422,-148.1,-147.21269,False
53001,-150.52283995593578,-144.6907200440642,-147.1,-147.60678,False
53001,-150.5555699559358,-144.7234500440642,-147.5,-147.63951,False
53001,-150.7966799559358,-144.9645600440642,-147.9,-147.88062,False
53001,-151.1807599559358,-145.3486400440642,-148.3,-148.2647,False
53001,-151.9412999559358,-146.1091800440642,-149.8,-149.02524,False
53001,-152.4466199559358,-146.61450004406421,-149.5,-149.53056,False
53001,-154.02956995593578,-148.1974500440642,-153.2,-151.11351,False
53001,-154.8468599559358,-149.0147400440642,-151.8,-151.9308,False
53001,-153.86597995593579,-148.0338600440642,-149.1,-150.94992,False
53001,-151.6390599559358,-145.80694004406422,-145.5,-148.723,True
17102,-53.650735629056804,-50.0380243709432,-51.0,-51.84438,False
17102,-53.650735629056804,-50.0380243709432,-50.1,-51.84438,False
17102,-53.650735629056804,-50.0380243709432,-50.6,-51.84438,False
17102,-53.650735629056804,-50.0380243709432,-53.4,-51.84438,False
17102,-53.650735629056804,-50.0380243709432,-52.7,-51.84438,False
17102,-53.8700076290568,-50.257296370943195,-52.3,-52.063652,False
17102,-54.2615556290568,-50.648844370943195,-53.1,-52.4552,False
17102,-54.2055056290568,-50.592794370943196,-51.7,-52.39915,False
17102,-53.942355629056806,-50.3296443709432,-51.9,-52.136,False
17102,-53.9369056290568,-50.3241943709432,-52.4,-52.13055,False
17102,-54.1569256290568,-50.544214370943195,-53.2,-52.35057,False
17102,-54.678835629056806,-51.0661243709432,-54.7,-52.87248,True
17102,-54.7531456290568,-51.1404343709432,-52.5,-52.94679,False
17102,-54.596753629056806,-50.9840423709432,-52.3,-52.790398,False
17102,-54.462979629056804,-50.8502683709432,-52.4,-52.656624,False
17102,-54.3565496290568,-50.743838370943195,-52.7,-52.550194,False
17102,-54.728043629056806,-51.1153323709432,-54.9,-52.921688,True
17102,-54.816505629056806,-51.2037943709432,-52.8,-53.01015,False
17102,-55.15470562905681,-51.5419943709432,-54.6,-53.34835,False
17102,-55.1529206290568,-51.540209370943195,-52.9,-53.346565,False
17102,-54.9493226290568,-51.336611370943196,-52.8,-53.142967,False
17102,-55.0339156290568,-51.421204370943194,-54.3,-53.22756,False
17102,-55.182427629056804,-51.5697163709432,-53.8,-53.376072,False
17102,-55.2751656290568,-51.662454370943195,-54.3,-53.46881,False
17102,-55.2059986290568,-51.593287370943195,-53.0,-53.399643,False
17102,-55.360895629056806,-51.7481843709432,-54.4,-53.55454,False
17102,-55.087388629056804,-51.4746773709432,-52.6,-53.281033,False
17102,-55.1131606290568,-51.500449370943194,-54.1,-53.306805,False
17102,-55.1868606290568,-51.574149370943196,-53.9,-53.380505,False
17102,-55.3202216290568,-51.7075103709432,-54.1,-53.513866,False
17102,-55.5961956290568,-51.983484370943195,-55.1,-53.78984,False
16094,-59.79201132584094,-45.930688674159065,-50.9,-52.86135,False
16094,-59.79201132584094,-45.930688674159065,-49.4,-52.86135,False
16094,-59.79201132584094,-45.930688674159065,-52.9,-52.86135,False
16094,-59.79201132584094,-45.930688674159065,-53.9,-52.86135,False
16094,-59.79201132584094,-45.930688674159065,-55.1,-52.86135,False
16094,-58.79147132584094,-44.930148674159064,-50.2,-51.86081,False
16094,-58.54429732584094,-44.68297467415906,-53.1,-51.613636,False
16094,-60.84051632584094,-46.97919367415906,-58.4,-53.909855,False
16094,-60.97985532584094,-47.11853267415906,-53.4,-54.049194,False
16094,-58.807317325840934,-44.94599467415906,-49.9,-51.876656,False
16094,-60.66730132584094,-46.805978674159064,-59.1,-53.73664,False
16094,-59.10033132584094,-45.23900867415907,-47.8,-52.16967,False
16094,-59.83246332584094,-45.97114067415907,-58.3,-52.901802,False
16094,-59.73309432584094,-45.87177167415906,-50.7,-52.802433,False
16094,-58.50279132584094,-44.641468674159064,-51.9,-51.57213,False
16094,-58.35215832584094,-44.490835674159065,-52.3,-51.421497,False
16094,-59.379365325840936,-45.51804267415906,-54.8,-52.448704,False
16094,-57.89964132584094,-44.038318674159065,-48.9,-50.96898,False
16094,-58.407449325840936,-44.54612667415906,-54.6,-51.476788,False
16094,-63.016661325840936,-49.15533867415906,-64.5,-56.086,True
16094,-59.25546732584094,-45.394144674159065,-43.0,-52.324806,True
16094,-58.142511325840935,-44.28118867415906,-55.5,-51.21185,False
16094,-58.83574832584094,-44.974425674159065,-51.1,-51.905087,False
16094,-56.39455932584094,-42.53323667415906,-47.7,-49.463898,False
16094,-52.676823325840935,-38.81550067415906,-43.6,-45.746162,False
16094,-52.00460932584094,-38.143286674159064,-46.7,-45.073948,False
16094,-52.772051325840934,-38.91072867415906,-48.6,-45.84139,False
16094,-54.103505325840935,-40.24218267415906,-50.0,-47.172844,False
16094,-56.08880732584094,-42.227484674159065,-52.4,-49.158146,False
16094,-56.79324132584094,-42.931918674159064,-50.5,-49.86258,False
16094,-55.83413832584094,-41.972815674159065,-48.4,-48.903477,False
17832,-43.59740133152213,-34.34228866847787,-34.1,-38.969845,True
17832,-43.59740133152213,-34.34228866847787,-35.7,-38.969845,False
17832,-43.59740133152213,-34.34228866847787,-36.3,-38.969845,False
17832,-43.59740133152213,-34.34228866847787,-37.7,-38.969845,False
17832,-43.59740133152213,-34.34228866847787,-40.6,-38.969845,False
17832,-44.00018333152213,-34.74507066847787,-38.4,-39.372627,False
17832,-39.87182333152213,-30.61671066847787,-28.8,-35.244267,True
17832,-40.95804633152213,-31.70293366847787,-38.0,-36.33049,False
17832,-41.56691433152213,-32.31180166847787,-37.1,-36.939358,False
17832,-45.38977833152213,-36.13466566847787,-46.6,-40.762222,True
17832,-46.34827633152213,-37.09316366847787,-40.7,-41.72072,False
17832,-45.571986331522126,-36.31687366847787,-37.8,-40.94443,False
17832,-44.25369633152213,-34.99858366847787,-36.7,-39.62614,False
17832,-43.79573633152213,-34.54062366847787,-38.1,-39.16818,False
17832,-41.62750633152213,-32.37239366847787,-33.9,-36.99995,False
17832,-40.62250633152213,-31.367393668477874,-34.7,-35.99495,False
17832,-40.59710633152213,-31.34199366847787,-35.6,-35.96955,False
17832,-40.29588333152213,-31.04077066847787,-34.9,-35.668327,False
17832,-42.34912633152213,-33.09401366847787,-40.2,-37.72157,False
17832,-43.27939233152213,-34.024279668477874,-38.5,-38.651836,False
17832,-44.39279233152213,-35.13767966847787,-40.3,-39.765236,False
17832,-44.02073333152213,-34.76562066847787,-37.3,-39.393177,False
17832,-44.59120633152213,-35.33609366847787,-40.0,-39.96365,False
17832,-45.43956033152213,-36.18444766847787,-41.2,-40.812004,False
17832,-45.82907133152213,-36.57395866847787,-40.7,-41.201515,False
17832,-46.21977633152213,-36.96466366847787,-41.2,-41.59222,False
17832,-45.54341133152213,-36.28829866847787,-38.5,-40.915855,False
17832,-46.89215633152213,-37.63704366847787,-44.1,-42.2646,False
17832,-46.72839433152213,-37.473281668477874,-40.3,-42.100838,False
17832,-46.55503933152213,-37.29992666847787,-41.0,-41.927483,False
17832,-46.11351033152213,-36.85839766847787,-39.7,-41.485954,False
17487,-56.503840290271015,-51.79341970972898,-52.3,-54.14863,False
17487,-56.503840290271015,-51.79341970972898,-53.6,-54.14863,False
17487,-56.503840290271015,-51.79341970972898,-52.7,-54.14863,False
17487,-56.503840290271015,-51.79341970972898,-55.2,-54.14863,False
17487,-56.503840290271015,-51.79341970972898,-56.4,-54.14863,False
17487,-56.26077329027102,-51.55035270972898,-53.2,-53.905563,False
17487,-56.29255429027102,-51.582133709728986,-54.4,-53.937344,False
17487,-55.923280290271016,-51.21285970972898,-52.9,-53.56807,False
17487,-55.198674290271015,-50.48825370972898,-52.0,-52.843464,False
17487,-55.034974290271016,-50.32455370972898,-53.3,-52.679764,False
17487,-56.274666290271014,-51.56424570972898,-57.3,-53.919456,True
17487,-55.90189029027102,-51.191469709728985,-52.8,-53.54668,False
17487,-55.776456290271014,-51.06603570972898,-53.4,-53.421246,False
17487,-56.266240290271014,-51.55581970972898,-55.2,-53.91103,False
17487,-55.87308629027102,-51.162665709728984,-52.9,-53.517876,False
17487,-55.371686290271015,-50.66126570972898,-52.9,-53.016476,False
17487,-56.01840029027102,-51.30797970972898,-55.5,-53.66319,False
17487,-56.278620290271014,-51.56819970972898,-54.8,-53.92341,False
17487,-56.96448029027102,-52.254059709728985,-56.9,-54.60927,False
17487,-56.72768529027102,-52.017264709728984,-53.7,-54.372475,False
17487,-56.75358329027102,-52.04316270972898,-54.8,-54.398373,False
17487,-56.96020229027102,-52.249781709728985,-55.8,-54.604992,False
17487,-57.22439329027102,-52.51397270972898,-56.1,-54.869183,False
17487,-57.43121829027102,-52.720797709728984,-56.4,-55.076008,False
17487,-57.43220629027102,-52.721785709728984,-55.3,-55.076996,False
17487,-57.52767629027102,-52.81725570972898,-56.0,-55.172466,False
17487,-57.20989329027102,-52.499472709728984,-54.7,-54.854683,False
17487,-56.786725290271015,-52.07630470972898,-54.2,-54.431515,False
17487,-56.20417529027102,-51.49375470972898,-53.3,-53.848965,False
17487,-56.04692029027102,-51.33649970972898,-54.1,-53.69171,False
17487,-56.19634029027102,-51.48591970972898,-55.0,-53.84113,False
51858,-8.99410407372378,-5.112122926276221,-9.3,-7.0531135,True
51858,-8.99410407372378,-5.112122926276221,-7.1,-7.0531135,False
51858,-8.99410407372378,-5.112122926276221,-5.4,-7.0531135,False
51858,-8.99410407372378,-5.112122926276221,-7.4,-7.0531135,False
51858,-8.99410407372378,-5.112122926276221,-8.2,-7.0531135,False
51858,-9.20654787372378,-5.32456672627622,-8.0,-7.2655573,False
51858,-10.26456957372378,-6.382588426276222,-9.8,-8.323579,False
51858,-10.40216357372378,-6.520182426276222,-8.4,-8.461173,False
51858,-10.020960573723778,-6.1389794262762205,-7.9,-8.07997,False
51858,-9.985200073723778,-6.10321892627622,-8.3,-8.0442095,False
51858,-10.25871357372378,-6.376732426276222,-8.9,-8.317723,False
51858,-11.173262573723779,-7.291281426276221,-10.5,-9.232272,False
51858,-10.76042057372378,-6.878439426276222,-8.2,-8.81943,False
51858,-10.676179073723779,-6.794197926276221,-8.9,-8.7351885,False
51858,-10.92060007372378,-7.0386189262762215,-9.3,-8.9796095,False
51858,-9.54881257372378,-5.66683142627622,-6.3,-7.607822,False
51858,-9.59640517372378,-5.714424026276221,-8.5,-7.6554146,False
51858,-9.09556017372378,-5.213579026276221,-6.8,-7.1545696,False
51858,-9.572218573723779,-5.690237426276221,-8.9,-7.631228,False
51858,-8.029689573723779,-4.147708426276221,-4.5,-6.088699,False
51858,-7.8192592737237785,-3.93727812627622,-6.5,-5.8782687,False
51858,-8.20664357372378,-4.324662426276221,-7.3,-6.265653,False
51858,-8.521921273723779,-4.639940126276221,-7.5,-6.5809307,False
51858,-8.61785277372378,-4.7358716262762215,-7.3,-6.6768622,False
51858,-9.430556573723779,-5.548575426276221,-8.7,-7.489566,False
51858,-10.371605573723778,-6.489624426276221,-9.6,-8.430615,False
51858,-10.01989557372378,-6.137914426276222,-7.7,-8.078905,False
51858,-8.59513197372378,-4.713150826276221,-5.4,-6.6541414,False
51858,-8.34464457372378,-4.462663426276221,-6.8,-6.403654,False
51858,-7.46348057372378,-3.581499426276221,-5.0,-5.52249,False
51858,-7.921273873723779,-4.039292726276221,-7.6,-5.9802833,False
17101,-45.57550311847891,-35.09445688152109,-35.0,-40.33498,True
17101,-45.57550311847891,-35.09445688152109,-40.9,-40.33498,False
17101,-45.57550311847891,-35.09445688152109,-40.0,-40.33498,False
17101,-45.57550311847891,-35.09445688152109,-35.5,-40.33498,False
17101,-45.57550311847891,-35.09445688152109,-38.2,-40.33498,False
17101,-45.93991011847891,-35.45886388152109,-38.7,-40.699387,False
17101,-48.04172011847891,-37.56067388152109,-45.9,-42.801197,False
17101,-46.39119311847891,-35.91014688152109,-36.6,-41.15067,False
17101,-47.00746011847891,-36.52641388152109,-40.5,-41.766937,False
17101,-47.45948711847891,-36.97844088152109,-41.4,-42.218964,False
17101,-47.48747511847891,-37.00642888152109,-40.8,-42.246952,False
17101,-46.63206011847891,-36.15101388152109,-38.4,-41.391537,False
17101,-46.14019611847891,-35.65914988152109,-37.4,-40.899673,False
17101,-47.05151311847891,-36.570466881521085,-41.6,-41.81099,False
17101,-47.40867311847891,-36.927626881521086,-41.7,-42.16815,False
17101,-47.10776811847891,-36.626721881521085,-39.9,-41.867245,False
17101,-48.86445911847891,-38.38341288152109,-46.6,-43.623936,False
17101,-48.43001811847891,-37.94897188152109,-41.6,-43.189495,False
17101,-49.542491118478914,-39.06144488152109,-47.0,-44.301968,False
17101,-48.14855111847891,-37.66750488152109,-39.1,-42.908028,False
17101,-47.62857711847891,-37.147530881521085,-39.4,-42.388054,False
17101,-47.472713118478914,-36.99166688152109,-40.6,-42.23219,False
17101,-49.08368311847891,-38.602636881521086,-47.0,-43.84316,False
17101,-48.821585118478914,-38.34053888152109,-43.6,-43.581062,False
17101,-49.645880118478914,-39.16483388152109,-46.6,-44.405357,False
17101,-50.13071711847891,-39.64967088152109,-47.0,-44.890194,False
17101,-50.50401311847891,-40.022966881521086,-47.6,-45.26349,False
17101,-49.733317118478915,-39.25227088152109,-43.4,-44.492794,False
17101,-50.06284311847891,-39.581796881521086,-46.2,-44.82232,False
17101,-50.28670311847891,-39.80565688152109,-47.0,-45.04618,False
17101,-50.87501311847891,-40.39396688152109,-49.6,-45.63449,False
12230,-14.214242051094622,-5.441767948905376,-12.0,-9.828005,False
12230,-14.214242051094622,-5.441767948905376,-6.7,-9.828005,False
12230,-14.214242051094622,-5.441767948905376,-15.8,-9.828005,True
12230,-14.214242051094622,-5.441767948905376,-10.1,-9.828005,False
12230,-14.214242051094622,-5.441767948905376,-10.1,-9.828005,False
12230,-14.224562551094623,-5.452088448905377,-10.7,-9.8383255,False
12230,-14.580104051094622,-5.807629948905376,-11.1,-10.193867,False
12230,-13.990757051094624,-5.218282948905378,-10.2,-9.60452,False
12230,-13.863994051094624,-5.091519948905377,-10.2,-9.477757,False
12230,-11.784745051094623,-3.0122709489053765,-4.8,-7.398508,False
12230,-11.702164551094622,-2.9296904489053768,-9.0,-7.3159275,False
12230,-11.022458451094623,-2.249984348905377,-6.4,-6.6362214,False
12230,-10.627748051094624,-1.855273948905377,-7.3,-6.241511,False
12230,-12.692024051094624,-3.9195499489053773,-13.1,-8.305787,True
12230,-11.233934351094623,-2.461460248905377,-4.2,-6.8476973,False
12230,-9.066251051094623,-0.29377694890537676,-2.7,-4.680014,False
12230,-8.801535551094624,-0.02906144890537643,-4.9,-4.4152985,False
12230,-9.592958351094623,-0.8204842489053767,-7.9,-5.2067213,False
12230,-9.121625051094624,-0.34915094890537723,-5.6,-4.735388,False
12230,-8.013581451094623,0.758892651094623,-2.3,-3.6273444,False
12230,-8.261224451094623,0.511249651094623,-5.2,-3.8749874,False
12230,-9.085705651094624,-0.3132315489053772,-7.0,-4.6994686,False
12230,-10.938294351094623,-2.1658202489053773,-11.2,-6.5520573,True
12230,-12.062543251094624,-3.290069148905377,-9.9,-7.6763062,False
12230,-13.654239551094623,-4.881765448905377,-12.1,-9.2680025,False
12230,-14.815992051094623,-6.043517948905377,-12.2,-10.429755,False
12230,-14.459496051094623,-5.687021948905377,-9.8,-10.073259,False
12230,-12.867369051094624,-4.094894948905377,-7.0,-8.481132,False
12230,-13.656987051094623,-4.8845129489053765,-11.8,-9.27075,False
12230,-12.771715051094624,-3.9992409489053777,-7.7,-8.385478,False
12230,-10.839877051094623,-2.067402948905377,-5.0,-6.45364,False
18166,-49.31810107813973,-42.849558921860265,-44.6,-46.08383,False
18166,-49.31810107813973,-42.849558921860265,-43.6,-46.08383,False
18166,-49.31810107813973,-42.849558921860265,-45.7,-46.08383,False
18166,-49.31810107813973,-42.849558921860265,-46.6,-46.08383,False
18166,-49.31810107813973,-42.849558921860265,-49.3,-46.08383,False
18166,-49.26610807813974,-42.79756592186027,-43.4,-46.031837,False
18166,-48.91672407813974,-42.44818192186027,-45.1,-45.682453,False
18166,-48.540871078139745,-42.07232892186026,-45.1,-45.3066,False
18166,-48.613765078139735,-42.14522292186027,-47.0,-45.379494,False
18166,-49.30675807813974,-42.83821592186027,-48.7,-46.072487,False
18166,-50.10480807813974,-43.63626592186026,-47.3,-46.870537,False
18166,-50.47462707813973,-44.006084921860264,-47.5,-47.240356,False
18166,-49.84993107813973,-43.381388921860264,-43.9,-46.61566,False
18166,-49.50017807813974,-43.03163592186026,-47.2,-46.265907,False
18166,-48.55178707813974,-42.083244921860256,-43.0,-45.317516,False
18166,-47.48240607813973,-41.01386392186026,-42.9,-44.248135,False
18166,-47.09372107813974,-40.62517892186027,-44.7,-43.85945,False
18166,-47.27101807813973,-40.802475921860264,-45.1,-44.036747,False
18166,-47.447749078139736,-40.97920692186027,-45.2,-44.213478,False
18166,-47.17939707813974,-40.71085492186026,-42.2,-43.945126,False
18166,-46.40670307813974,-39.93816092186026,-41.6,-43.172432,False
18166,-46.32586607813974,-39.85732392186026,-44.9,-43.091595,False
18166,-45.92540107813974,-39.45685892186026,-41.8,-42.69113,False
18166,-46.247287078139735,-39.778744921860266,-45.3,-43.013016,False
18166,-46.860568078139735,-40.39202592186027,-44.5,-43.626297,False
18166,-47.55953107813974,-41.09098892186026,-45.9,-44.32526,False
18166,-47.93923107813974,-41.47068892186026,-45.2,-44.70496,False
18166,-48.75105107813974,-42.282508921860256,-47.4,-45.51678,False
18166,-49.440787078139735,-42.972244921860266,-47.6,-46.206516,False
18166,-49.96921807813973,-43.500675921860264,-47.3,-46.734947,False
18166,-50.17673107813974,-43.708188921860256,-47.0,-46.94246,False
16100,-50.25643474570961,-47.22967925429039,-47.7,-48.743057,False
16100,-50.25643474570961,-47.22967925429039,-47.4,-48.743057,False
16100,-50.25643474570961,-47.22967925429039,-47.3,-48.743057,False
16100,-50.25643474570961,-47.22967925429039,-48.8,-48.743057,False
16100,-50.25643474570961,-47.22967925429039,-49.1,-48.743057,False
16100,-50.563800745709614,-47.53704525429039,-48.9,-49.050423,False
16100,-50.92705774570961,-47.90030225429039,-49.4,-49.41368,False
16100,-50.986094745709615,-47.95933925429039,-48.6,-49.472717,False
16100,-50.81535774570961,-47.78860225429039,-48.5,-49.30198,False
16100,-50.98667074570961,-47.95991525429039,-49.6,-49.473293,False
16100,-51.64931474570961,-48.62255925429039,-51.2,-50.135937,False
16100,-52.36159774570961,-49.334842254290386,-51.6,-50.84822,False
16100,-52.03812774570961,-49.011372254290386,-48.2,-50.52475,True
16100,-51.78255774570961,-48.75580225429039,-49.4,-50.26918,False
16100,-51.61775174570961,-48.59099625429039,-49.3,-50.104374,False
16100,-50.96199774570961,-47.93524225429039,-47.9,-49.44862,True
16100,-51.00041174570961,-47.97365625429039,-50.0,-49.487034,False
16100,-51.20821774570961,-48.18146225429039,-49.2,-49.69484,False
16100,-51.48007574570961,-48.45332025429039,-50.3,-49.966698,False
16100,-51.347757745709615,-48.32100225429039,-48.5,-49.83438,False
16100,-51.17643774570961,-48.14968225429039,-48.8,-49.66306,False
16100,-51.43681774570961,-48.41006225429039,-50.4,-49.92344,False
16100,-51.63026774570961,-48.603512254290386,-49.8,-50.11689,False
16100,-51.67158074570961,-48.64482525429039,-49.8,-50.158203,False
16100,-51.92363274570961,-48.89687725429039,-50.2,-50.410255,False
16100,-52.191493745709614,-49.16473825429039,-50.6,-50.678116,False
16100,-52.25786174570961,-49.23110625429039,-50.3,-50.744484,False
16100,-52.12188274570961,-49.09512725429039,-49.6,-50.608505,False
16100,-52.271560745709614,-49.24480525429039,-50.8,-50.758183,False
16100,-52.36318774570961,-49.336432254290386,-50.4,-50.84981,False
16100,-52.51595274570961,-49.48919725429039,-51.0,-51.002575,False
4406,-5.296142015255427,2.0714150152554263,-0.4,-1.6123635,False
4406,-5.296142015255427,2.0714150152554263,-3.1,-1.6123635,False
4406,-5.296142015255427,2.0714150152554263,-4.4,-1.6123635,False
4406,-5.296142015255427,2.0714150152554263,-3.2,-1.6123635,False
4406,-5.296142015255427,2.0714150152554263,-0.3,-1.6123635,False
4406,-3.325348215255427,4.042208815255426,5.5,0.3584303,True
4406,-3.6955613222554264,3.6719957082554266,-0.1,-0.011782807,False
4406,-2.9738125152554264,4.393744515255427,2.8,0.709966,False
4406,-2.9620304152554264,4.405526615255426,1.4,0.7217481,False
4406,-4.315535775255427,3.0520212552554264,-4.1,-0.63175726,False
4406,-5.317317915255426,2.0502391152554265,-3.9,-1.6335394,False
4406,-5.163495015255426,2.2040620152554267,-1.5,-1.4797165,False
4406,-4.8216789152554265,2.5458781152554266,0.1,-1.1379004,False
4406,-4.491083315255427,2.8764737152554263,0.4,-0.8073048,False
4406,-4.653210715255426,2.7143463152554266,-1.6,-0.9694322,False
4406,-4.188876615255427,3.1786804152554264,0.1,-0.5050981,False
4406,-4.385107865255426,2.9824491652554266,-1.1,-0.70132935,False
4406,-4.879212215255427,2.4883448152554264,-2.3,-1.1954337,False
4406,-5.328717015255426,2.0388400152554267,-2.8,-1.6449385,False
4406,-4.5165214152554265,2.8510356152554266,0.6,-0.8327429,False
4406,-4.7158426152554265,2.6517144152554266,-1.1,-1.0320641,False
4406,-4.358978315255427,3.0085787152554264,0.1,-0.6751998,False
4406,-4.262731515255426,3.1048255152554267,-0.4,-0.578953,False
4406,-4.8910197152554264,2.4765373152554266,-2.9,-1.2072412,False
4406,-4.884120915255426,2.4834361152554267,-1.4,-1.2003424,False
4406,-3.7949325502554268,3.5726244802554263,2.5,-0.111154035,False
4406,-2.811871515255427,4.555685515255426,5.0,0.871907,True
4406,-2.9908057152554264,4.376751315255427,1.5,0.6929728,False
4406,-3.1996162752554267,4.167940755255427,0.1,0.48416224,False
4406,-3.2554195452554264,4.112137485255427,0.5,0.42835897,False
4406,-3.1303467652554264,4.237210265255427,1.9,0.55343175,False
