Date,3m8ox4pDb7,3m8ox4pDbC,3m8ox4pDbE,3m8ox4pUeB,3m8ox4pUeC,3m8ox4pUeF,3m8ox4plhC,3m8ox4plhE,3m8ox4plhH
2015-02-02,-2.1545454545454543,0.43272727272727235,-1.8236363636363622,-1.56909090909091,-2.618181818181818,-1.6672727272727297,-1.8090909090909095,-3.910909090909093,-1.440000000000001
2015-02-08,-1.7457575757575754,0.8521212121212118,-1.1806060606060593,-1.0081818181818187,-1.9463636363636363,-0.44121212121212317,-1.6415151515151518,-3.515151515151517,-0.8266666666666674
2015-02-14,-1.3369696969696965,1.2715151515151513,-0.5375757575757563,-0.4472727272727277,-1.2745454545454544,0.7848484848484834,-1.473939393939394,-3.119393939393941,-0.21333333333333382
2015-02-20,-0.9281818181818178,1.690909090909091,0.10545454545454658,0.11363636363636354,-0.6027272727272726,2.01090909090909,-1.3063636363636364,-2.7236363636363645,0.3999999999999997
2015-02-26,-0.5193939393939389,2.1103030303030303,0.7484848484848496,0.6745454545454546,0.06909090909090931,3.2369696969696964,-1.1387878787878787,-2.3278787878787885,1.0133333333333334
2015-03-04,0.05499999999999979,2.66,1.13,1.6449999999999996,1.2549999999999997,5.83,-0.8049999999999999,-1.4900000000000004,1.8599999999999997
2015-03-10,0.6049999999999998,3.345,1.6649999999999998,2.505,2.0349999999999997,6.61,-0.6699999999999999,-0.9049999999999999,2.11
2015-03-16,1.335,4.375000000000001,2.6750000000000003,3.535,2.7449999999999997,6.1899999999999995,-0.6499999999999999,-0.375,2.0700000000000003
2015-03-22,1.8649999999999995,4.9975000000000005,3.31,4.397500000000001,3.0599999999999996,5.745,-0.715,0.07249999999999979,1.7574999999999998
2015-03-28,2.195,5.2125,3.57,5.092499999999999,2.9799999999999995,5.275,-0.865,0.4374999999999996,1.1724999999999999
2015-04-03,2.34,5.315,3.6399999999999997,5.479999999999999,2.685,5.11,-1.075,0.8399999999999996,0.9600000000000002
2015-04-09,2.3,5.305,3.5199999999999996,5.559999999999999,2.175,5.25,-1.345,1.2799999999999998,1.12
2015-04-15,2.2949999999999995,5.26,3.685,5.864999999999999,2.06,5.265,-1.4249999999999998,1.8999999999999997,1.2449999999999997
2015-04-21,2.3249999999999993,5.18,4.135,6.395,2.34,5.155,-1.3149999999999995,2.6999999999999997,1.3349999999999995
2015-04-27,2.8299999999999996,5.505,4.76,7.13,2.485,5.29,-1.5749999999999997,3.275,2.0049999999999994
2015-05-03,3.8099999999999996,6.235,5.56,8.07,2.495,5.67,-2.2050000000000005,3.625,3.255
2015-05-09,4.164999999999999,6.665,6.045,8.64,2.1550000000000002,5.875,-2.805,3.655,3.8649999999999998
2015-05-15,3.895,6.795,6.215,8.840000000000002,1.465,5.904999999999999,-3.3750000000000004,3.3649999999999998,3.8349999999999995
2015-05-21,3.71,6.875,6.344999999999999,8.865,0.9949999999999999,5.84,-3.69,2.945,4.135
2015-05-27,3.61,6.904999999999999,6.434999999999999,8.715000000000002,0.7449999999999999,5.68,-3.7499999999999996,2.395,4.765
2015-06-02,3.7674999999999996,6.987499999999999,6.555,8.8,0.79,5.185,-4.05,2.0525,5.175
2015-06-08,4.1825,7.1225,6.705,9.12,1.13,4.3549999999999995,-4.59,1.9175000000000004,5.365
2015-06-14,4.865,7.584999999999999,6.734999999999999,9.645,1.46,4.43,-5.6000000000000005,1.6350000000000011,5.82
2015-06-20,5.815,8.375,6.645,10.375,1.7799999999999998,5.409999999999999,-7.08,1.2050000000000007,6.54
2015-06-26,6.275,8.8225,6.6625000000000005,10.834999999999997,2.1624999999999996,5.47,-8.04,1.12,7.074999999999999
2015-07-02,6.244999999999998,8.9275,6.7875,11.025,2.607499999999999,4.6099999999999985,-8.479999999999999,1.3799999999999997,7.425
2015-07-08,6.62,9.040000000000001,6.96,11.245000000000001,3.204999999999999,3.999999999999999,-8.764999999999999,1.7549999999999997,8.14
2015-07-14,7.3999999999999995,9.16,7.179999999999999,11.495,3.954999999999999,3.639999999999999,-8.895,2.2449999999999997,9.22
2015-07-20,7.9399999999999995,9.27,7.26,11.589999999999998,4.389999999999999,3.965,-8.83,2.7199999999999993,10.015
2015-07-26,8.24,9.370000000000001,7.199999999999998,11.529999999999998,4.51,4.975,-8.57,3.1799999999999993,10.525
2015-08-01,8.1375,9.1125,6.88,10.889999999999999,4.329999999999999,5.109999999999999,-8.235,3.6125,10.345
2015-08-07,7.632499999999999,8.4975,6.3,9.67,3.8499999999999996,4.37,-7.824999999999999,4.0175,9.475
2015-08-13,7.28,8.125,5.845,8.93,3.31,4.090000000000001,-6.789999999999999,4.08,9.125
2015-08-19,7.08,7.995000000000001,5.515,8.670000000000002,2.710000000000001,4.2700000000000005,-5.13,3.8,9.295
2015-08-25,6.705,7.522500000000001,4.807499999999999,8.084999999999999,2.082500000000001,4.5200000000000005,-3.7700000000000005,3.3949999999999996,8.955000000000002
2015-08-31,6.154999999999999,6.7075000000000005,3.7225,7.175000000000001,1.4275000000000002,4.84,-2.71,2.8649999999999998,8.105
2015-09-06,5.3,5.6450000000000005,2.535,5.915000000000001,0.5400000000000003,4.93,-1.9100000000000004,1.89,6.985000000000001
2015-09-12,4.14,4.335000000000001,1.245,4.305000000000001,-0.5800000000000001,4.789999999999999,-1.37,0.47000000000000003,5.595000000000001
2015-09-18,3.2300000000000004,3.48,0.3350000000000002,3.3300000000000005,-1.15,4.475,-1.1,-0.20499999999999968,4.805
2015-09-24,2.5700000000000003,3.08,-0.19499999999999967,2.99,-1.17,3.9849999999999994,-1.1,-0.1349999999999994,4.615000000000001
2015-09-30,2.1350000000000002,2.8400000000000003,-0.32499999999999973,2.7800000000000002,-1.215,3.6950000000000003,-1.0450000000000002,-0.37499999999999956,4.46
2015-10-06,1.9249999999999998,2.76,-0.05499999999999969,2.7,-1.2850000000000001,3.6050000000000004,-0.9349999999999999,-0.9249999999999998,4.34
2015-10-12,1.3800000000000003,2.435,-0.024999999999999967,2.3700000000000006,-1.5150000000000001,3.1750000000000007,-1.0799999999999998,-1.37,4.1899999999999995
2015-10-18,0.5000000000000002,1.8650000000000002,-0.23500000000000026,1.79,-1.905,2.4050000000000007,-1.48,-1.7100000000000002,4.010000000000001
2015-10-24,-0.2749999999999997,1.375,-0.3400000000000003,1.065,-2.1,1.6800000000000002,-1.82,-1.8450000000000002,3.7249999999999996
2015-10-30,-0.945,0.965,-0.3400000000000003,0.19499999999999984,-2.1,1.0,-2.1,-1.775,3.335
2015-11-05,-1.125,0.7550000000000002,-0.13000000000000003,-0.16499999999999976,-1.6699999999999997,1.03,-2.15,-1.5800000000000003,3.12
2015-11-11,-0.8149999999999998,0.7450000000000002,0.29000000000000004,-0.014999999999999597,-0.8099999999999998,1.7700000000000002,-1.97,-1.2600000000000002,3.08
2015-11-17,-0.575,0.6250000000000003,0.495,-0.019999999999999546,-0.6350000000000001,1.8150000000000004,-1.7850000000000001,-1.2899999999999998,2.6100000000000003
2015-11-23,-0.405,0.395,0.4849999999999999,-0.1799999999999998,-1.145000000000001,1.165,-1.5950000000000002,-1.67,1.7100000000000002
2015-11-29,-0.41500000000000015,0.18500000000000005,0.14999999999999994,-0.5200000000000001,-1.0950000000000002,0.9449999999999998,-1.4200000000000006,-1.6949999999999998,1.365
2015-12-05,-0.6050000000000003,-0.004999999999999984,-0.51,-1.04,-0.4850000000000001,1.1549999999999998,-1.2600000000000005,-1.365,1.5750000000000004
2015-12-11,-0.7200000000000002,-0.20499999999999993,-1.0274999999999999,-1.6375,-0.08000000000000018,1.3025,-1.0175000000000003,-1.0725,1.2100000000000004
2015-12-17,-0.7599999999999999,-0.4149999999999999,-1.4024999999999999,-2.3124999999999996,0.1199999999999998,1.3875000000000002,-0.6925000000000001,-0.8174999999999999,0.27000000000000024
2015-12-23,-0.695,-0.41,-1.5599999999999996,-2.3499999999999996,-0.12499999999999994,1.8849999999999998,-0.14500000000000005,-0.8499999999999999,-0.09500000000000001
2015-12-29,-0.5249999999999998,-0.18999999999999997,-1.4999999999999998,-1.7499999999999993,-0.8149999999999998,2.795,0.6250000000000002,-1.17,0.11499999999999995
2016-01-04,-0.5349999999999998,0.06500000000000003,-1.5549999999999997,-1.2949999999999997,-1.5249999999999995,3.6149999999999998,1.075,-1.2349999999999999,0.3949999999999999
2016-01-10,-0.725,0.355,-1.7249999999999999,-0.9849999999999998,-2.255,4.345,1.2049999999999998,-1.045,0.7449999999999999
2016-01-16,-0.905,0.4749999999999998,-2.12,-0.93,-2.65,4.784999999999999,1.18,-0.4299999999999997,1.2099999999999997
2016-01-22,-1.075,0.4249999999999997,-2.74,-1.1300000000000003,-2.71,4.934999999999999,0.9999999999999998,0.6100000000000004,1.7899999999999996
2016-01-28,-1.045,0.5449999999999998,-2.8999999999999995,-0.685,-3.165,5.454999999999999,0.9199999999999999,0.6649999999999999,2.2449999999999997
2016-02-03,-0.8150000000000001,0.8349999999999999,-2.6,0.4049999999999999,-4.014999999999999,6.344999999999999,0.9400000000000003,-0.26500000000000046,2.5749999999999997
2016-02-09,-0.5749999999999998,1.14,-2.1275,1.2325,-4.6000000000000005,6.3675,0.6825000000000003,-0.8475000000000001,2.42
2016-02-15,-0.32499999999999996,1.46,-1.4825,1.7974999999999999,-4.919999999999999,5.5225,0.14750000000000035,-1.0825,1.7799999999999996
2016-02-21,-0.08499999999999994,1.8500000000000005,-0.9550000000000001,2.2500000000000004,-4.76,5.18,-0.44499999999999945,-1.1199999999999999,1.7250000000000003
2016-02-27,0.14500000000000002,2.31,-0.545,2.5900000000000003,-4.12,5.340000000000001,-1.0949999999999998,-0.9599999999999997,2.255000000000001
2016-03-04,0.22499999999999992,2.38,-0.3900000000000006,2.3299999999999996,-3.8449999999999998,4.805,-1.5649999999999997,-1.415,2.35
2016-03-10,0.15499999999999986,2.0599999999999996,-0.49000000000000016,1.4699999999999995,-3.935000000000001,3.5749999999999997,-1.8549999999999995,-2.4850000000000003,2.01
2016-03-16,0.5049999999999999,2.215,-0.08500000000000019,1.32,-3.8950000000000005,3.195,-1.9199999999999995,-3.4799999999999995,1.9350000000000003
2016-03-22,1.275,2.845,0.8249999999999998,1.8800000000000003,-3.7249999999999996,3.665000000000001,-1.76,-4.4,2.125
2016-03-28,1.7149999999999999,3.29,1.215,2.29,-3.91,3.8049999999999997,-1.5649999999999997,-5.01,2.405
2016-04-03,1.8249999999999997,3.55,1.085,2.55,-4.45,3.615,-1.335,-5.3100000000000005,2.775
2016-04-09,2.05,3.79,0.8950000000000002,2.7600000000000002,-4.42,4.17,-1.1300000000000001,-5.449999999999999,3.3399999999999994
2016-04-15,2.39,4.01,0.6450000000000001,2.92,-3.8199999999999994,5.47,-0.9500000000000001,-5.43,4.1
2016-04-21,2.82,4.21,0.5550000000000003,3.2700000000000005,-3.3249999999999993,6.04,-1.03,-5.39,4.505
2016-04-27,3.34,4.39,0.625,3.809999999999999,-2.9349999999999996,5.879999999999999,-1.37,-5.329999999999999,4.555000000000001
2016-05-03,4.015,5.11,1.085,4.999999999999999,-2.4800000000000004,5.364999999999999,-1.765,-4.48,5.275
2016-05-09,4.845000000000001,6.370000000000001,1.935,6.84,-1.9600000000000002,4.495,-2.215,-2.84,6.665000000000001
2016-05-15,5.235,7.135,2.4974999999999996,7.935,-1.4150000000000005,3.615000000000001,-2.6674999999999995,-1.9575000000000002,7.510000000000001
2016-05-21,5.185,7.404999999999999,2.7724999999999995,8.285,-0.8450000000000006,2.725000000000001,-3.1224999999999996,-1.8324999999999998,7.8100000000000005
2016-05-27,5.365,7.615,3.0549999999999997,8.535,0.024999999999999828,2.315000000000001,-3.3599999999999994,-1.3850000000000005,7.869999999999999
2016-06-02,5.775,7.765,3.3449999999999998,8.685,1.1949999999999998,2.3850000000000007,-3.3799999999999994,-0.6150000000000001,7.69
2016-06-08,5.9750000000000005,7.665000000000001,3.13,8.309999999999999,2.1,2.165,-3.315,0.39500000000000024,7.620000000000001
2016-06-14,5.965,7.315,2.41,7.41,2.7400000000000007,1.6549999999999998,-3.165,1.6450000000000005,7.66
2016-06-20,5.69,7.105,1.9950000000000006,6.855,3.1799999999999997,1.2799999999999998,-3.0949999999999998,1.905,7.49
2016-06-26,5.15,7.035,1.8850000000000007,6.645000000000001,3.4199999999999995,1.0399999999999998,-3.105,1.1749999999999996,7.110000000000001
2016-07-02,4.945000000000001,6.9,1.715000000000001,6.550000000000002,3.5799999999999996,2.0700000000000003,-3.2,0.7850000000000001,6.895000000000001
2016-07-08,5.075000000000001,6.700000000000001,1.4850000000000005,6.570000000000001,3.6599999999999993,4.37,-3.3800000000000003,0.7350000000000003,6.845000000000001
2016-07-14,4.905,6.745,1.5875000000000001,6.7299999999999995,3.7099999999999995,6.280000000000001,-3.7424999999999997,0.8775000000000002,6.985000000000001
2016-07-20,4.435,7.035,2.0225,7.03,3.7299999999999995,7.800000000000001,-4.2875,1.2125000000000001,7.3149999999999995
2016-07-26,4.11,7.404999999999999,2.7399999999999993,7.405,3.3949999999999996,8.675,-4.8149999999999995,1.65,7.724999999999999
2016-08-01,3.9299999999999997,7.854999999999999,3.739999999999999,7.8549999999999995,2.705,8.905,-5.324999999999999,2.1900000000000004,8.215
2016-08-07,3.8049999999999997,8.504999999999999,4.924999999999999,8.95,2.0800000000000005,8.305,-5.919999999999999,2.055,8.784999999999998
2016-08-13,3.7349999999999994,9.355,6.294999999999999,10.689999999999998,1.520000000000001,6.874999999999999,-6.6,1.2449999999999997,9.434999999999999
2016-08-19,3.915,9.916666666666666,7.299999999999999,11.670000000000002,1.0983333333333338,5.85,-6.779999999999999,1.3516666666666663,9.895000000000001
2016-08-25,4.345,10.19,7.939999999999999,11.89,0.815,5.230000000000001,-6.459999999999999,2.375,10.165
2016-08-31,4.529999999999999,10.245000000000001,8.44,11.76,0.7700000000000002,4.840000000000001,-5.745,2.885,9.85
2016-09-06,3.53,9.185,6.709999999999999,11.049999999999999,-0.040000000000000424,3.7600000000000007,-5.085000000000001,1.9749999999999996,8.7
2016-09-12,3.06,8.25,5.45,10.195,-0.605,3.060000000000001,-4.395000000000001,1.2650000000000001,7.585
2016-09-18,3.12,7.44,4.66,9.195000000000002,-0.925,2.7400000000000007,-3.675,0.7550000000000003,6.505
2016-09-24,2.91,6.515000000000001,3.645000000000001,8.299999999999999,-1.0100000000000002,2.0399999999999996,-3.375,0.15000000000000044,5.3149999999999995
2016-09-30,2.9800000000000004,5.775000000000001,2.8150000000000004,7.530000000000002,-0.5199999999999998,1.2899999999999994,-2.9250000000000003,-0.2899999999999996,4.665000000000001
2016-10-06,2.4949999999999997,4.905000000000001,1.8850000000000007,6.395000000000001,-0.7249999999999999,1.7549999999999992,-2.6900000000000004,-1.0249999999999997,3.7250000000000005
2016-10-12,2.1849999999999996,3.7650000000000006,0.7450000000000001,5.045000000000001,-1.395,3.2550000000000003,-2.28,-1.2949999999999995,2.7350000000000003
2016-10-18,1.5350000000000001,2.748333333333334,-0.3049999999999999,4.275,-1.9083333333333334,3.8850000000000002,-1.94,-2.1216666666666666,1.9650000000000003
2016-10-24,0.7950000000000002,1.9550000000000005,-1.175,3.5350000000000006,-2.5149999999999997,4.525000000000001,-1.9899999999999998,-2.675,1.7550000000000001
2016-10-30,0.015000000000000041,1.0350000000000001,-2.325,2.6050000000000004,-2.8749999999999996,4.7250000000000005,-2.1599999999999997,-2.755,1.4350000000000003
2016-11-05,-0.23499999999999993,0.865,-1.7550000000000003,1.435,-2.595,4.525,-2.47,-2.6550000000000002,1.175
2016-11-11,-0.03999999999999959,0.7800000000000005,-1.0499999999999996,1.3100000000000005,-2.69,4.180000000000001,-2.39,-2.4000000000000004,1.44
2016-11-17,-0.5700000000000001,0.2300000000000001,-1.0399999999999998,0.42000000000000026,-3.0700000000000003,3.1100000000000003,-2.45,-2.47,1.21
2016-11-23,-0.79,-0.06999999999999988,-1.22,-0.08999999999999975,-3.4100000000000006,2.7800000000000002,-2.43,-2.7600000000000002,1.5099999999999998
2016-11-29,-1.3100000000000003,-0.4299999999999999,-1.82,-0.7299999999999998,-3.6900000000000004,2.8000000000000007,-2.73,-2.88,1.2599999999999998
2016-12-05,-1.4900000000000002,-0.7699999999999999,-1.75,-1.02,-3.66,2.18,-2.41,-2.81,1.7400000000000002
2016-12-11,-1.75,-0.99,-1.7999999999999998,-1.47,-3.5700000000000003,1.6400000000000001,-2.3000000000000003,-3.21,1.4099999999999997
2016-12-17,-1.9000000000000001,-1.3699999999999999,-2.42,0.130000000000001,-3.2899999999999996,1.6900000000000004,-2.1700000000000004,-2.8700000000000006,1.4100000000000001
2016-12-23,-1.89,-1.69,-2.4999999999999996,-0.41000000000000036,-4.000000000000001,0.9600000000000004,-2.0200000000000005,-2.95,0.98
2016-12-29,-2.06,-1.8299999999999998,-2.4999999999999996,-0.7300000000000006,-4.54,0.19,-2.35,-3.2400000000000007,0.4799999999999999
2017-01-04,-2.2199999999999998,-1.7999999999999998,-1.7799999999999998,-0.5100000000000002,-5.23,0.23000000000000012,-2.23,-3.7900000000000005,0.4000000000000002
2017-01-10,-2.6599999999999997,-2.1,-2.1499999999999995,-1.2100000000000004,-5.17,-0.1,-2.28,-4.0200000000000005,-0.1699999999999999
2017-01-16,-2.4200000000000004,-1.5899999999999999,-1.99,-0.37999999999999967,-4.79,0.3400000000000002,-1.95,-3.7099999999999995,0.1600000000000002
2017-01-22,-2.5100000000000007,-1.56,-2.1599999999999997,0.26000000000000006,-4.580000000000001,0.46,-1.83,-3.7900000000000005,-0.010000000000000009
2017-01-28,-1.98,-1.0400000000000005,-1.83,1.0300000000000005,-4.26,0.8999999999999999,-1.48,-3.52,0.1500000000000002
2017-02-03,-1.4700000000000004,-0.5100000000000002,-1.5799999999999998,1.8100000000000005,-4.0600000000000005,1.1399999999999997,-1.52,-3.3,-0.2900000000000002
2017-02-09,-1.5000000000000007,-0.05000000000000043,-1.4600000000000004,2.6200000000000006,-4.180000000000001,1.63,-1.4300000000000002,-3.6900000000000004,-2.0122792321330962e-16
2017-02-15,-1.0100000000000002,0.6599999999999998,-0.3999999999999999,0.7099999999999995,-4.42,1.5099999999999998,-1.5900000000000003,-3.94,0.3
2017-02-21,-1.1300000000000008,0.7999999999999997,-0.54,1.1099999999999999,-3.710000000000001,2.01,-1.7400000000000004,-3.9499999999999997,0.5599999999999998
2017-02-27,-0.8900000000000001,1.3500000000000003,-0.16999999999999976,1.65,-3.15,2.39,-1.48,-3.6199999999999997,1.17
2017-03-05,-0.18,2.1100000000000003,0.3200000000000002,2.75,-2.3200000000000003,2.4,-1.45,-2.96,1.89
2017-03-11,0.9200000000000003,3.0600000000000005,0.7,3.99,-2.06,3.2500000000000004,-1.3099999999999998,-2.7199999999999998,2.7800000000000002
2017-03-17,0.8199999999999996,2.82,0.11999999999999955,3.35,-2.37,3.25,-1.8900000000000001,-3.5500000000000003,2.7299999999999995
2017-03-23,1.1899999999999997,3.11,0.4699999999999999,2.7100000000000004,-2.4200000000000004,3.7399999999999998,-2.07,-3.39,3.29
2017-03-29,0.7099999999999997,2.77,1.1000000000000003,2.3600000000000003,-2.55,2.94,-2.0999999999999996,-3.71,2.789999999999999
2017-04-04,0.35999999999999965,2.8200000000000003,1.0399999999999998,2.09,-2.68,3.32,-2.5400000000000005,-3.8800000000000003,3.73
2017-04-10,0.8800000000000003,3.1400000000000006,1.35,2.28,-2.11,3.84,-1.94,-3.41,5.090000000000001
2017-04-16,1.2800000000000002,3.5,1.4400000000000002,2.94,-1.68,3.78,-1.7000000000000004,-2.9599999999999995,4.960000000000001
2017-04-22,2.0100000000000007,4.800000000000001,2.66,3.97,-1.25,4.49,-2.250000000000001,-2.23,5.99
2017-04-28,3.35,5.620000000000001,3.29,4.99,-0.38999999999999985,5.879999999999999,-2.9300000000000006,-2.06,6.85
2017-05-04,3.46,6.04,3.38,5.24,0.25999999999999956,7.54,-3.8600000000000008,-1.8300000000000003,6.31
2017-05-10,2.5699999999999994,6.51,4.0200000000000005,5.59,-0.21000000000000163,7.9399999999999995,-5.01,-1.7400000000000004,6.640000000000001
2017-05-16,3.1199999999999997,7.25,4.76,7.03,-0.9700000000000013,8.620000000000001,-5.7,-1.0200000000000005,7.5200000000000005
2017-05-22,3.27,8.229999999999999,5.640000000000001,8.32,-1.6200000000000006,8.89,-5.89,-0.30000000000000016,7.18
2017-05-28,3.64,8.5,4.83,9.100000000000001,-0.9799999999999993,9.59,-6.21,0.45999999999999985,7.760000000000001
2017-06-03,4.19,8.98,5.21,9.89,-0.16999999999999932,9.910000000000002,-6.83,1.0899999999999999,7.630000000000002
2017-06-09,3.6300000000000003,9.51,6.040000000000001,10.740000000000002,-0.8799999999999999,9.81,-8.03,1.43,7.500000000000001
2017-06-15,3.520000000000001,9.5,5.93,10.65,-1.23,10.590000000000002,-8.41,0.5299999999999997,7.750000000000001
2017-06-21,2.19,9.430000000000001,5.66,10.57,-1.8499999999999999,10.32,-8.55,0.08000000000000007,7.23
2017-06-27,1.1300000000000001,8.879999999999999,5.27,10.12,-2.5199999999999996,8.72,-8.270000000000001,-0.35999999999999976,6.47
2017-07-03,1.2600000000000002,8.78,5.170000000000001,10.290000000000001,-3.6200000000000006,7.99,-7.790000000000001,-0.06999999999999983,7.91
2017-07-09,1.67,8.84,5.08,10.500000000000002,-3.04,8.100000000000001,-7.200000000000001,0.3000000000000003,8.180000000000001
2017-07-15,1.9900000000000002,8.990000000000002,5.650000000000001,10.450000000000001,-1.2499999999999998,7.74,-6.61,0.8400000000000003,7.49
2017-07-21,3.0700000000000007,8.71,5.98,10.450000000000001,0.2500000000000001,7.340000000000001,-6.390000000000001,0.8799999999999999,7.7
2017-07-27,3.2199999999999998,9.379999999999999,6.88,10.59,0.10999999999999993,8.34,-6.480000000000001,0.37999999999999956,6.37
2017-08-02,2.9099999999999993,8.82,6.150000000000001,10.000000000000002,-0.16000000000000053,8.07,-5.4700000000000015,-0.06000000000000057,5.580000000000001
2017-08-08,3.59,8.419999999999998,5.390000000000001,9.370000000000001,0.86,8.01,-5.240000000000001,0.10999999999999976,5.250000000000001
2017-08-14,3.48,8.160000000000002,5.3900000000000015,9.550000000000002,0.9199999999999995,7.35,-5.0200000000000005,0.8,4.8100000000000005
2017-08-20,4.550000000000001,7.5600000000000005,5.3100000000000005,9.18,2.44,6.800000000000001,-4.510000000000001,0.8399999999999999,4.520000000000001
2017-08-26,4.620000000000001,7.47,5.4,9.030000000000001,2.3,7.660000000000001,-4.260000000000001,0.6900000000000003,4.500000000000001
2017-09-01,4.315,7.010000000000001,5.010000000000001,8.485000000000001,3.01,7.485,-3.615,-0.10999999999999975,3.4850000000000008
2017-09-07,3.8150000000000004,6.08,4.3100000000000005,7.675000000000001,3.21,6.735000000000001,-2.9749999999999996,-1.6099999999999997,2.605
2017-09-13,2.865,5.24,3.22,6.994999999999999,2.29,6.155,-2.6950000000000003,-2.7399999999999993,2.695
2017-09-19,1.7449999999999999,4.92,2.1500000000000004,6.6049999999999995,1.9400000000000004,6.555000000000001,-2.3850000000000002,-2.879999999999999,2.795
2017-09-25,1.4050000000000002,4.140000000000001,1.6600000000000001,5.755000000000001,1.5500000000000003,5.105,-2.1250000000000004,-2.8099999999999996,4.165
2017-10-01,1.2150000000000003,3.86,1.57,4.835,1.2800000000000007,4.6450000000000005,-2.115,-1.3199999999999994,3.6849999999999996
2017-10-07,1.0350000000000004,3.6700000000000004,1.6600000000000004,4.605,0.6200000000000001,4.065,-1.645,-1.9500000000000008,3.305
2017-10-13,0.6650000000000003,3.31,1.3300000000000003,3.905000000000001,0.31000000000000016,3.9950000000000006,-1.9450000000000003,-2.24,3.515
2017-10-19,0.37500000000000017,2.7600000000000002,0.8200000000000003,3.3250000000000006,-1.1099999999999999,3.4750000000000005,-1.3450000000000002,-3.5100000000000007,3.0650000000000004
2017-10-25,-0.16500000000000006,2.43,0.3500000000000002,2.915000000000001,-1.38,3.0650000000000004,-1.2750000000000004,-3.7700000000000005,2.815000000000001
2017-10-31,-0.33,1.86,0.33999999999999997,2.21,-2.09,2.1,-1.26,-3.5,2.6500000000000012
2017-11-06,-0.41000000000000003,1.4800000000000004,0.49000000000000005,1.85,-2.32,1.8200000000000005,-1.4799999999999998,-2.6100000000000003,1.7800000000000002
2017-11-12,-0.30999999999999994,1.4400000000000004,0.46999999999999986,1.6600000000000001,-2.25,2.1800000000000006,-1.1999999999999997,-2.79,1.4000000000000001
2017-11-18,-0.5999999999999999,0.7200000000000001,0.009999999999999787,0.63,-2.09,1.5099999999999998,-1.0,-3.2399999999999998,0.5900000000000001
2017-11-24,-0.6199999999999999,0.7400000000000002,0.09000000000000008,0.85,-1.9000000000000004,1.3399999999999999,-0.8800000000000001,-3.5099999999999993,0.3600000000000001
2017-11-30,-0.32999999999999996,0.8200000000000003,0.4200000000000001,1.5700000000000003,-1.6800000000000004,2.24,-1.0000000000000002,-4.860000000000001,0.9200000000000005
2017-12-06,-0.5800000000000001,0.6899999999999998,0.22999999999999995,1.58,-1.3900000000000003,2.56,-0.8500000000000001,-4.47,0.6400000000000001
2017-12-12,-0.7100000000000002,0.6299999999999999,-0.17000000000000004,2.16,-1.4300000000000006,2.9099999999999997,-0.5199999999999999,-4.45,0.3899999999999999
2017-12-18,-0.57,0.5999999999999999,-0.2599999999999998,2.21,-1.2800000000000002,2.9699999999999998,-0.7900000000000001,-3.6700000000000004,0.5700000000000001
2017-12-24,-0.7300000000000001,0.2599999999999999,-0.03999999999999958,1.64,-1.3900000000000003,2.3399999999999994,-0.6700000000000002,-3.7500000000000004,0.28999999999999987
2017-12-30,-0.5799999999999998,0.93,5.551115123125783e-17,2.21,-0.7499999999999998,3.36,-0.2699999999999999,-3.5600000000000005,0.7999999999999999
2018-01-05,-0.5,0.9699999999999999,-0.050000000000000044,1.62,-0.8099999999999999,3.01,-0.20999999999999996,-3.6100000000000003,1.13
2018-01-11,-0.57,0.8399999999999999,0.2899999999999998,1.4400000000000002,-0.74,2.77,-0.4000000000000002,-3.27,0.7599999999999997
2018-01-17,-0.5199999999999999,1.12,0.44999999999999984,1.840000000000001,-0.6499999999999997,2.69,-0.32999999999999996,-2.9699999999999998,1.1700000000000002
2018-01-23,-0.9799999999999999,0.6799999999999999,0.2699999999999999,1.1000000000000003,-1.1400000000000001,2.7,-0.7000000000000003,-3.1300000000000003,0.8399999999999999
2018-01-29,-1.6200000000000003,0.38,-0.2100000000000005,0.20000000000000018,-1.6100000000000003,1.8,-0.9200000000000002,-3.7100000000000004,0.44999999999999996
2018-02-04,-1.92,-0.04000000000000009,-1.0100000000000002,1.7900000000000014,-1.2599999999999998,1.45,-1.0799999999999998,-2.6799999999999997,0.26000000000000006
2018-02-10,-1.4499999999999995,0.3600000000000003,-0.4699999999999997,1.5099999999999998,-0.35000000000000003,1.5699999999999998,-0.9299999999999998,-1.9099999999999997,0.6700000000000005
2018-02-16,-1.6400000000000001,0.4,-0.5799999999999998,0.8099999999999994,0.04999999999999977,1.2299999999999995,-1.1199999999999999,-1.1300000000000003,0.34
2018-02-22,-1.4999999999999998,0.7300000000000001,-0.7799999999999998,1.3699999999999997,0.33999999999999975,2.430000000000001,-1.0599999999999998,-0.9000000000000004,0.33000000000000007
2018-02-28,-1.3499999999999999,0.78,-0.44999999999999984,1.4499999999999995,0.69,1.7399999999999998,-0.4399999999999995,-0.5000000000000004,-0.18999999999999995
2018-03-06,-1.06,1.38,-0.44000000000000017,2.49,0.9599999999999997,2.4,-0.12,-0.2700000000000006,-1.1200000000000006
2018-03-12,-0.5700000000000003,2.3199999999999994,-0.010000000000000064,3.69,1.64,3.5200000000000005,-1.6100000000000014,0.6399999999999999,-0.09999999999999953
2018-03-18,0.23999999999999994,2.9499999999999997,0.5399999999999996,4.61,1.6199999999999997,4.2299999999999995,-2.3600000000000003,0.8599999999999998,0.8000000000000003
2018-03-24,0.9899999999999995,3.6399999999999997,0.45999999999999924,5.8500000000000005,2.1199999999999997,4.609999999999999,-1.5599999999999996,0.9199999999999998,1.46
2018-03-30,1.8099999999999996,5.07,1.5199999999999996,7.65,1.56,6.19,-1.8700000000000006,1.5900000000000003,2.93
2018-04-05,2.53,6.1000000000000005,2.9800000000000004,6.6899999999999995,1.23,5.9399999999999995,-2.92,0.7800000000000002,3.5199999999999996
2018-04-11,2.75,6.35,3.3600000000000003,6.9799999999999995,0.6900000000000005,6.21,-3.1499999999999995,0.3,3.2699999999999996
2018-04-17,3.0900000000000003,6.93,3.7600000000000007,8.190000000000001,0.4400000000000002,6.910000000000001,-3.1100000000000003,0.2700000000000001,4.15
2018-04-23,4.13,7.7,4.5600000000000005,9.14,0.15000000000000027,6.41,-3.72,0.4100000000000002,4.790000000000001
2018-04-29,4.09,8.43,4.920000000000001,9.94,-0.75,7.620000000000002,-5.06,0.31000000000000016,5.9300000000000015
2018-05-05,4.970000000000001,8.969999999999999,5.37,10.639999999999999,-0.14999999999999925,8.500000000000002,-6.360000000000001,0.6100000000000002,8.170000000000002
2018-05-11,4.9,8.870000000000001,5.07,10.5,0.5500000000000003,8.080000000000002,-5.340000000000001,-0.24000000000000027,7.83
2018-05-17,4.790000000000001,9.110000000000001,5.29,10.710000000000003,0.24999999999999956,8.27,-5.65,-0.03999999999999998,8.01
2018-05-23,4.6000000000000005,9.22,5.78,10.56,0.2699999999999993,8.37,-6.91,0.3199999999999999,8.45
2018-05-29,4.75,8.899999999999999,5.699999999999999,10.29,0.9499999999999998,7.699999999999999,-7.489999999999999,0.42,7.87
2018-06-04,5.050000000000001,9.240000000000002,5.7700000000000005,10.72,0.75,9.090000000000002,-7.119999999999999,0.65,8.66
2018-06-10,4.96,9.38,5.87,11.150000000000002,1.42,9.18,-7.17,1.4099999999999997,9.23
2018-06-16,4.83,9.84,6.19,11.58,0.23999999999999921,10.4,-8.010000000000002,1.1799999999999997,9.43
2018-06-22,5.27,9.89,6.050000000000001,11.530000000000001,0.6300000000000003,10.940000000000001,-8.270000000000001,1.2899999999999998,10.060000000000002
2018-06-28,5.140000000000001,9.830000000000002,5.82,11.499999999999998,0.9300000000000007,11.16,-8.610000000000001,1.4800000000000002,9.55
2018-07-04,4.970000000000001,10.24,6.140000000000001,11.790000000000001,0.7700000000000004,11.32,-8.02,1.8099999999999996,9.14
2018-07-10,3.6,10.459999999999999,5.930000000000001,12.03,-0.3900000000000001,11.389999999999999,-8.11,2.6500000000000004,10.030000000000001
2018-07-16,3.83,10.329999999999998,5.470000000000001,11.92,0.22999999999999993,11.23,-8.080000000000002,2.5,9.51
2018-07-22,3.9200000000000004,10.55,5.5600000000000005,12.060000000000002,0.1499999999999997,11.17,-7.71,2.44,9.23
2018-07-28,3.880000000000001,10.61,5.43,12.100000000000001,1.2399999999999998,11.12,-6.840000000000001,1.7299999999999998,9.15
2018-08-03,3.9000000000000004,10.47,5.620000000000001,11.77,1.92,11.04,-6.23,1.7400000000000004,8.879999999999999
2018-08-09,3.8800000000000003,10.719999999999999,5.9,11.64,1.5999999999999992,11.09,-7.1400000000000015,1.22,8.98
2018-08-15,4.140000000000001,10.190000000000001,5.34,11.290000000000001,2.9,10.370000000000003,-5.720000000000001,1.29,8.25
2018-08-21,3.25,10.390000000000002,5.62,11.450000000000001,3.6900000000000004,9.780000000000001,-5.680000000000001,1.4700000000000004,7.93
2018-08-27,3.25,9.620000000000001,5.020000000000001,10.73,3.82,8.81,-5.050000000000001,1.2200000000000002,7.26
2018-09-02,2.3899999999999997,8.31,4.169999999999999,8.86,2.9799999999999995,7.520000000000001,-4.93,0.7500000000000001,6.560000000000001
2018-09-08,4.11,7.8100000000000005,4.86,8.38,3.2000000000000006,6.8500000000000005,-4.760000000000001,0.5000000000000001,5.66
2018-09-14,3.8000000000000007,7.500000000000001,4.859999999999999,8.230000000000002,2.6800000000000006,6.51,-4.090000000000001,0.24999999999999986,4.970000000000001
2018-09-20,3.630000000000001,7.070000000000001,4.48,8.020000000000001,2.5200000000000005,6.17,-3.81,0.1499999999999998,4.95
2018-09-26,3.16,6.550000000000001,4.300000000000001,7.550000000000002,1.6400000000000006,5.400000000000001,-3.5100000000000002,0.6000000000000001,4.840000000000001
2018-10-02,2.54,5.890000000000001,3.39,7.050000000000001,1.2600000000000005,4.880000000000002,-3.8400000000000007,0.5000000000000001,4.540000000000001
2018-10-08,2.5500000000000003,5.480000000000001,3.3600000000000008,6.69,1.2500000000000004,4.5200000000000005,-3.13,0.7600000000000002,4.140000000000001
2018-10-14,2.16,5.07,3.49,5.7,1.6600000000000001,4.01,-3.6300000000000003,0.45999999999999985,4.18
2018-10-20,1.6300000000000001,3.7700000000000005,2.34,4.45,0.4999999999999996,3.3000000000000003,-3.09,-0.5100000000000002,3.42
2018-10-26,1.7400000000000004,3.5700000000000003,2.2799999999999994,4.220000000000001,0.5799999999999998,3.6700000000000004,-2.5399999999999996,-0.6499999999999998,3.2800000000000002
2018-11-01,1.4400000000000004,3.2000000000000006,1.7600000000000002,6.170000000000001,0.6699999999999999,3.3,-2.59,-1.46,2.87
2018-11-07,0.8399999999999999,2.7900000000000005,1.7600000000000005,5.91,0.55,3.06,-2.39,-1.5799999999999998,2.62
2018-11-13,0.18,2.210000000000001,1.4699999999999998,4.73,0.10999999999999993,2.74,-2.4699999999999998,-1.5099999999999998,2.37
2018-11-19,-0.009999999999999967,1.9200000000000008,1.4800000000000002,4.210000000000001,0.2600000000000001,2.58,-2.17,-1.5000000000000002,1.6400000000000008
2018-11-25,-0.12999999999999992,1.4900000000000002,2.7700000000000005,3.8100000000000005,0.4000000000000001,2.47,-2.12,-0.39999999999999963,1.3400000000000007
2018-12-01,-0.35,1.1200000000000003,2.57,3.2899999999999996,0.15999999999999998,2.0700000000000003,-1.8699999999999999,-0.9100000000000004,0.6100000000000002
2018-12-07,-0.8899999999999999,0.49000000000000016,1.7299999999999998,2.5100000000000002,-0.38,1.5600000000000005,-1.69,-1.2800000000000007,0.06000000000000012
2018-12-13,-1.1100000000000003,0.23000000000000004,1.1499999999999995,2.710000000000001,-0.99,1.6000000000000005,-2.16,-1.3200000000000003,-0.37000000000000005
2018-12-19,-1.1700000000000002,0.17000000000000015,1.4,2.1900000000000004,-0.8999999999999999,1.21,-2.03,-0.6800000000000003,-0.59
2018-12-25,-1.7400000000000002,-0.44000000000000017,1.1700000000000002,3.3800000000000017,-1.4100000000000001,0.04000000000000009,-2.7699999999999996,-1.06,-0.9100000000000001
2018-12-31,-1.6099999999999999,-0.22999999999999976,1.4300000000000004,1.67,-1.55,0.5900000000000003,-2.7600000000000002,-0.8699999999999999,-0.47999999999999987
2019-01-06,-1.22,0.030000000000000276,0.9400000000000006,1.63,-1.9499999999999997,0.3499999999999999,-2.7800000000000002,-1.2199999999999998,-0.5900000000000001
2019-01-12,-1.0300000000000002,0.21,1.2500000000000002,1.8599999999999999,-1.7699999999999996,1.2700000000000005,-2.87,-1.51,0.04000000000000009
2019-01-18,-0.6900000000000003,0.6700000000000002,1.5600000000000005,2.3,-2.26,1.4299999999999997,-3.5999999999999996,-1.3499999999999994,0.44000000000000006
2019-01-24,-0.7300000000000003,0.6699999999999997,-0.4600000000000002,2.34,-2.8900000000000006,1.5399999999999998,-3.88,-2.94,0.4599999999999999
2019-01-30,-0.7700000000000005,0.5599999999999997,0.04999999999999988,1.8499999999999996,-3.3400000000000003,0.8299999999999997,-3.88,-2.99,0.44999999999999984
2019-02-05,-0.4600000000000001,1.04,0.35999999999999976,2.6300000000000003,-2.9799999999999995,1.1700000000000002,-4.29,-2.76,0.8699999999999999
2019-02-11,-0.020000000000000073,1.4499999999999997,0.8899999999999999,3.5600000000000005,-2.7899999999999996,1.6700000000000002,-4.08,-2.49,1.27
2019-02-17,0.30000000000000004,1.9300000000000002,1.4200000000000002,4.53,-2.39,2.33,-5.29,-2.17,1.33
2019-02-23,0.58,2.32,1.3199999999999996,5.28,-1.95,2.5900000000000003,-5.25,-2.0400000000000005,1.62
2019-03-01,1.07,2.8000000000000003,1.7899999999999996,5.790000000000001,-1.8600000000000003,2.15,-5.5200000000000005,-1.9400000000000002,1.7500000000000004
2019-03-07,1.12,3.01,1.9099999999999997,6.23,-1.38,3.16,-5.7,-1.55,2.5200000000000005
2019-03-13,1.1199999999999999,3.07,1.6899999999999997,6.0200000000000005,-1.3900000000000003,2.41,-5.97,-1.1500000000000001,2.13
2019-03-19,1.03,3.21,1.8400000000000003,6.390000000000001,-0.7000000000000002,3.19,-6.17,-1.0400000000000003,3.01
2019-03-25,1.7000000000000002,3.84,2.37,7.050000000000001,0.31999999999999995,3.8900000000000006,-6.5,0.7100000000000002,3.4299999999999997
2019-03-31,2.39,4.72,2.63,8.22,0.9799999999999999,5.26,-6.74,1.0799999999999998,4.029999999999999
2019-04-06,2.4000000000000004,4.86,2.78,8.22,1.17,5.940000000000001,-5.830000000000001,1.0899999999999999,4.6000000000000005
2019-04-12,2.3000000000000003,4.86,2.6899999999999995,7.569999999999999,0.9799999999999998,5.2299999999999995,-5.770000000000001,1.0799999999999998,4.4799999999999995
2019-04-18,3.3100000000000005,5.510000000000001,2.8400000000000003,8.090000000000002,1.9100000000000006,4.569999999999999,-5.1000000000000005,1.16,4.24
2019-04-24,4.0,6.58,3.68,7.040000000000001,3.0,6.15,-5.750000000000001,1.82,5.51
2019-04-30,4.48,7.029999999999999,4.300000000000001,7.73,3.76,6.89,-5.709999999999999,2.5200000000000005,5.800000000000001
2019-05-06,2.9899999999999993,7.539999999999999,5.1000000000000005,8.18,3.44,6.859999999999999,-5.890000000000001,2.5700000000000007,5.65
2019-05-12,3.3600000000000003,8.600000000000001,6.18,9.72,4.31,7.21,-6.130000000000001,2.4800000000000004,6.500000000000002
2019-05-18,4.150000000000001,9.2,6.430000000000001,10.17,3.789999999999999,7.859999999999999,-5.91,2.8600000000000003,6.8
2019-05-24,4.39,9.41,6.7700000000000005,10.58,3.6799999999999997,7.830000000000001,-6.190000000000001,1.86,6.539999999999999
2019-05-30,4.53,10.33,7.4,11.36,3.52,8.15,-6.2,2.3000000000000003,6.970000000000001
2019-06-05,5.17,10.68,7.75,11.7,3.72,7.83,-6.640000000000001,2.6,6.85
2019-06-11,5.56,11.43,8.35,12.57,4.270000000000001,9.73,-6.980000000000001,3.12,7.010000000000001
2019-06-17,5.12,11.63,8.34,12.780000000000003,4.3500000000000005,11.820000000000002,-7.750000000000001,3.17,8.150000000000002
2019-06-23,5.24,11.510000000000003,8.620000000000001,12.760000000000002,3.7199999999999998,11.02,-7.470000000000001,3.27,7.46
2019-06-29,5.010000000000001,11.670000000000002,8.42,12.75,1.989999999999999,11.53,-7.670000000000001,3.21,7.840000000000001
2019-07-05,6.880000000000001,11.610000000000001,7.73,12.53,2.8100000000000005,11.989999999999998,-7.8100000000000005,3.3099999999999996,7.96
2019-07-11,6.74,10.750000000000002,6.930000000000001,11.58,2.11,11.580000000000002,-7.51,2.97,7.41
2019-07-17,6.94,10.18,6.490000000000001,10.95,2.5600000000000005,10.910000000000002,-7.920000000000001,2.65,6.759999999999999
2019-07-23,6.8999999999999995,10.22,6.620000000000001,10.799999999999999,3.020000000000001,10.97,-7.130000000000001,1.8299999999999998,7.39
2019-07-29,6.79,9.410000000000002,6.0,10.190000000000001,2.9400000000000004,10.83,-5.8100000000000005,1.5300000000000002,7.270000000000001
2019-08-04,6.49,9.370000000000001,5.92,10.07,2.8000000000000003,11.19,-6.160000000000002,1.1200000000000003,7.3
2019-08-10,6.33,8.76,6.050000000000001,9.750000000000002,2.45,9.65,-5.670000000000002,0.6300000000000001,7.69
2019-08-16,5.830000000000001,8.4,6.169999999999999,9.440000000000001,1.26,8.66,-3.380000000000001,0.24000000000000016,7.640000000000001
2019-08-22,5.32,8.23,5.95,9.15,1.2,8.900000000000002,-3.1200000000000014,-0.15000000000000002,8.040000000000001
2019-08-28,5.460000000000001,7.850000000000001,5.720000000000001,8.76,1.5699999999999998,8.71,-2.9400000000000013,-0.9600000000000002,7.63
2019-09-03,4.580000000000001,6.960000000000001,4.839999999999999,7.9799999999999995,0.7900000000000003,7.589999999999999,-2.370000000000001,0.16000000000000036,6.99
2019-09-09,4.500000000000001,7.170000000000002,4.94,8.490000000000002,0.7900000000000004,7.86,-1.3900000000000001,0.4099999999999997,7.390000000000001
2019-09-15,3.4400000000000004,7.170000000000002,4.63,8.610000000000001,1.5200000000000005,8.4,-1.8200000000000005,0.1799999999999995,8.03
2019-09-21,3.3800000000000003,7.010000000000002,4.51,8.64,0.49999999999999994,7.92,-2.41,0.8499999999999999,7.530000000000001
2019-09-27,3.18,6.660000000000001,4.530000000000001,8.23,1.1300000000000003,7.190000000000001,-3.2699999999999996,0.8099999999999998,7.11
2019-10-03,2.66,6.069999999999999,4.0200000000000005,7.95,0.76,6.420000000000001,-3.0,0.9099999999999999,6.91
2019-10-09,2.74,5.79,3.11,7.200000000000001,0.5899999999999999,6.630000000000001,-3.11,1.08,6.670000000000002
2019-10-15,2.38,4.91,2.8800000000000003,6.49,0.29000000000000004,6.01,-3.9300000000000006,1.02,6.070000000000001
2019-10-21,1.9800000000000002,4.340000000000001,2.35,5.590000000000002,-0.15000000000000005,5.920000000000001,-3.630000000000001,2.0800000000000005,5.0200000000000005
2019-10-27,1.37,3.76,1.9299999999999995,5.030000000000001,0.7400000000000003,5.370000000000001,-3.43,2.62,4.65
2019-11-02,1.2900000000000003,3.5200000000000005,1.75,6.730000000000002,0.7600000000000003,5.470000000000001,-3.5600000000000005,0.7299999999999993,4.5200000000000005
2019-11-08,1.1300000000000003,3.2200000000000006,1.6400000000000001,6.380000000000001,1.2000000000000002,5.280000000000001,-4.07,0.8499999999999999,4.420000000000001
2019-11-14,0.9200000000000003,2.47,1.8100000000000003,5.91,0.21999999999999992,3.83,-2.7600000000000007,0.4299999999999997,3.16
2019-11-20,0.6100000000000002,2.2000000000000006,1.6400000000000003,5.1899999999999995,0.17000000000000004,4.16,-1.8800000000000001,0.17000000000000015,3.3000000000000003
2019-11-26,0.40000000000000013,1.8199999999999998,0.7699999999999999,4.549999999999999,0.10999999999999999,4.260000000000001,-1.67,-0.1499999999999998,3.01
2019-12-02,0.2799999999999999,1.6199999999999997,1.02,3.9900000000000007,-0.12000000000000038,3.8199999999999994,-1.8200000000000003,-0.5199999999999997,2.27
2019-12-08,0.11,1.71,1.1800000000000004,4.140000000000001,0.39999999999999997,3.5700000000000003,-1.4900000000000002,-0.9599999999999997,1.6300000000000001
2019-12-14,0.52,1.9300000000000004,0.5199999999999998,4.26,0.5199999999999998,4.2700000000000005,-1.6000000000000005,-1.0099999999999998,1.6700000000000002
2019-12-20,0.51,1.61,0.28999999999999987,4.039999999999999,0.46999999999999986,3.3200000000000007,-1.7900000000000005,-2.6000000000000005,1.4200000000000004
2019-12-26,0.2399999999999999,1.51,-0.15000000000000024,3.74,0.35,2.8899999999999997,-1.69,-2.66,1.4100000000000004
2020-01-01,0.6500000000000001,1.8800000000000003,0.10000000000000009,2.2400000000000007,0.76,3.16,-0.8499999999999998,-2.23,2.120000000000001
2020-01-07,0.67,1.7199999999999998,-0.18999999999999978,1.8900000000000001,0.5899999999999999,2.8499999999999996,-1.04,-2.8800000000000003,1.8900000000000001
2020-01-13,0.9400000000000002,1.93,-0.48999999999999966,1.48,0.5799999999999997,3.36,-1.0900000000000003,-2.5300000000000002,1.9799999999999998
2020-01-19,0.74,1.87,-0.3599999999999998,1.9100000000000004,0.78,3.49,-1.2300000000000002,-2.2,1.9399999999999997
2020-01-25,0.61,1.86,0.11000000000000004,2.35,0.21999999999999992,2.4399999999999995,-1.6000000000000005,-2.1200000000000006,1.4799999999999998
2020-01-31,0.92,2.15,-0.24000000000000007,3.02,0.4000000000000002,3.63,-1.23,-1.9700000000000002,1.9
2020-02-06,0.6799999999999999,1.96,-0.8600000000000003,3.3299999999999996,0.10000000000000006,3.63,-1.3600000000000003,-0.21999999999999978,2.2800000000000002
2020-02-12,0.57,2.1199999999999997,-0.6499999999999999,3.36,0.18,3.38,-1.27,0.01999999999999935,2.4000000000000004
2020-02-18,1.01,2.75,0.11000000000000015,4.29,0.6200000000000002,3.14,-1.5400000000000003,0.41999999999999926,3.12
2020-02-24,1.22,3.1500000000000004,0.8700000000000001,5.01,0.9800000000000002,2.28,-1.4199999999999997,0.4399999999999997,3.310000000000001
2020-03-01,0.92,2.96,1.26,6.3,0.12999999999999962,1.23,-2.2700000000000005,0.5099999999999998,2.6100000000000003
2020-03-07,1.23,3.73,2.4000000000000004,7.140000000000001,0.7600000000000001,1.7400000000000002,-2.47,1.2899999999999998,3.0800000000000005
2020-03-13,1.3,4.49,2.88,8.28,1.4300000000000002,2.4300000000000006,-2.4599999999999995,1.4799999999999998,3.72
2020-03-19,1.52,5.03,3.1499999999999995,8.51,1.89,3.1399999999999997,-2.66,1.7200000000000002,3.89
2020-03-25,1.6099999999999999,5.6499999999999995,3.2899999999999996,8.98,1.0499999999999996,4.37,-1.5299999999999998,1.27,4.989999999999999
2020-03-31,1.85,6.0,4.069999999999999,9.290000000000001,1.27,3.78,-1.9,1.1300000000000003,5.22
2020-04-06,2.44,6.5600000000000005,4.85,9.490000000000002,2.2500000000000004,4.2,-2.2700000000000005,0.18000000000000044,5.27
2020-04-12,2.78,6.800000000000001,5.1499999999999995,9.760000000000002,2.46,4.489999999999999,-2.0100000000000002,0.08999999999999991,5.390000000000001
2020-04-18,3.15,7.200000000000001,5.33,10.18,2.8600000000000003,5.42,-2.150000000000001,0.6000000000000002,5.6800000000000015
2020-04-24,3.49,7.300000000000001,5.49,10.15,2.58,6.1899999999999995,-2.1,0.61,5.39
2020-04-30,3.88,7.950000000000001,6.050000000000002,9.129999999999999,3.44,6.91,-2.5400000000000005,0.7500000000000001,5.47
2020-05-06,3.92,7.74,6.020000000000001,8.960000000000003,2.9099999999999997,6.67,-3.08,0.6099999999999999,4.989999999999999
2020-05-12,5.17,8.380000000000003,6.700000000000001,9.260000000000002,3.6100000000000003,5.460000000000001,-3.7399999999999998,0.9199999999999999,5.3500000000000005
2020-05-18,4.26,8.780000000000001,6.88,9.63,3.55,4.920000000000001,-4.17,0.94,5.42
2020-05-24,4.67,8.74,7.170000000000001,9.52,5.039999999999999,5.210000000000001,-5.35,1.4900000000000002,4.64
2020-05-30,4.92,8.81,7.100000000000001,9.54,5.460000000000001,5.38,-5.17,1.8900000000000006,4.58
2020-06-05,5.32,9.57,7.7200000000000015,9.97,3.7299999999999995,6.47,-4.92,1.55,4.98
2020-06-11,5.420000000000001,9.7,7.54,10.23,4.16,6.86,-4.82,1.8700000000000003,4.73
2020-06-17,5.510000000000001,9.56,7.220000000000001,10.05,4.23,6.85,-3.250000000000001,1.45,4.46
2020-06-23,5.7700000000000005,10.14,7.330000000000001,10.56,3.05,8.489999999999998,-3.770000000000001,2.05,4.63
2020-06-29,6.09,10.35,7.430000000000001,10.879999999999999,3.4200000000000013,9.11,-3.970000000000001,1.9300000000000002,5.420000000000001
2020-07-05,6.25,10.23,6.22,11.04,3.5300000000000016,9.24,-3.0800000000000005,0.7999999999999998,5.43
2020-07-11,5.79,9.850000000000001,6.0200000000000005,10.71,3.240000000000001,10.4,-3.540000000000001,-0.050000000000000044,5.050000000000001
2020-07-17,7.500000000000001,9.850000000000001,6.16,10.610000000000001,3.3800000000000003,11.57,-3.56,-0.19999999999999962,4.52
2020-07-23,7.220000000000001,9.75,6.57,10.629999999999999,2.1399999999999997,11.019999999999998,-3.9899999999999993,-0.5899999999999996,5.01
2020-07-29,7.22,9.81,6.32,10.57,1.85,11.21,-4.14,-0.7799999999999996,5.180000000000001
2020-08-04,7.110000000000001,9.549999999999999,6.05,10.52,1.5,10.710000000000003,-4.3,-0.7399999999999994,5.390000000000001
2020-08-10,7.24,9.71,6.25,10.479999999999999,1.3700000000000008,10.38,-5.050000000000001,-0.5399999999999998,5.78
2020-08-16,7.01,10.040000000000001,6.8500000000000005,10.819999999999999,1.1500000000000004,10.48,-6.460000000000001,-0.27999999999999986,6.3
2020-08-22,6.730000000000001,9.8,7.199999999999999,10.690000000000001,2.96,9.31,-7.080000000000002,-0.72,6.640000000000001
2020-08-28,6.42,9.08,6.459999999999999,9.780000000000001,2.25,8.65,-6.0200000000000005,-1.0300000000000002,5.84
2020-09-03,6.239999999999999,9.31,7.159999999999999,9.550000000000002,3.0700000000000003,8.719999999999999,-6.1400000000000015,-0.18000000000000044,5.79
2020-09-09,5.47,8.46,6.3999999999999995,8.690000000000001,2.1799999999999997,7.970000000000001,-5.090000000000001,0.24000000000000002,4.8999999999999995
2020-09-15,4.73,7.470000000000001,5.86,8.0,1.8399999999999994,6.290000000000001,-4.75,-0.1600000000000001,4.48
2020-09-21,4.670000000000001,7.140000000000001,5.05,7.460000000000001,2.4799999999999995,6.030000000000001,-4.41,-0.39,3.87
2020-09-27,4.0,6.620000000000001,4.2700000000000005,6.880000000000001,2.3199999999999994,5.600000000000001,-4.420000000000001,0.21000000000000063,3.2400000000000007
2020-10-03,3.4800000000000004,6.1,3.800000000000001,6.510000000000001,3.1400000000000006,4.970000000000001,-4.4,2.220446049250313e-16,2.5600000000000005
2020-10-09,2.7600000000000002,5.470000000000001,3.8400000000000016,6.010000000000001,2.71,4.08,-4.26,-0.3800000000000001,2.0400000000000005
2020-10-15,2.3900000000000006,4.6,3.010000000000001,5.0600000000000005,2.2800000000000002,5.2200000000000015,-3.8200000000000003,-0.51,0.29000000000000004
2020-10-21,1.76,3.5500000000000003,1.8199999999999998,5.790000000000001,1.26,4.54,-3.07,-0.4400000000000003,-0.4199999999999998
2020-10-27,1.4200000000000002,3.6400000000000006,1.8200000000000005,5.87,1.510000000000001,4.79,-3.03,-0.3900000000000004,0.05000000000000038
2020-11-02,0.68,2.7600000000000002,1.5000000000000004,5.62,-0.010000000000000064,3.53,-2.9400000000000004,-0.7000000000000004,-0.28
2020-11-08,0.2400000000000002,2.43,1.1800000000000002,6.010000000000001,-0.47000000000000003,3.2699999999999996,-2.89,-1.0700000000000003,-0.6100000000000001
2020-11-14,-0.00999999999999962,2.3600000000000003,1.1800000000000002,5.81,-0.8499999999999999,2.1200000000000006,-2.01,-0.8199999999999998,0.2700000000000004
2020-11-20,-0.30999999999999994,2.0300000000000002,1.23,7.87,-0.8799999999999999,1.6700000000000008,-2.000000000000001,-0.4099999999999997,0.2799999999999999
2020-11-26,-0.3799999999999999,1.79,1.3900000000000001,7.8,-1.0199999999999998,1.5700000000000016,-1.58,-0.9999999999999998,0.4900000000000001
2020-12-02,-0.71,1.2200000000000002,1.3300000000000003,7.1,-1.16,0.8700000000000003,-1.3900000000000001,-1.44,0.16999999999999998
2020-12-08,-0.8200000000000001,0.9800000000000001,0.6500000000000001,8.900000000000002,-1.52,1.4800000000000009,-1.3200000000000003,-1.74,0.23999999999999982
2020-12-14,-0.7900000000000001,0.6900000000000001,0.75,8.649999999999999,-1.4699999999999998,-0.7000000000000003,-0.97,-1.89,0.8200000000000001
2020-12-20,-0.7400000000000002,0.9000000000000002,0.5999999999999999,8.44,-1.2800000000000002,-0.3199999999999999,-0.6700000000000002,-3.0200000000000005,0.9800000000000004
2020-12-26,-0.6600000000000001,0.53,0.29,8.18,-1.8800000000000001,-0.6200000000000003,-0.5799999999999998,-3.19,0.41000000000000014
2021-01-01,-0.5,0.54,-0.1999999999999999,9.12,-1.57,-0.1400000000000004,-0.5500000000000002,-2.7199999999999998,0.44000000000000006
2021-01-07,-0.41,0.32,-0.48999999999999977,9.200000000000001,-1.61,-0.2500000000000003,-0.42999999999999994,-2.4499999999999997,0.6000000000000003
2021-01-13,-0.9000000000000001,-0.009999999999999926,-1.5799999999999998,8.81,-1.77,0.7200000000000001,-0.8700000000000001,-2.92,-0.43000000000000016
2021-01-19,-0.8899999999999999,0.3000000000000002,-1.64,7.03,-0.9199999999999996,1.36,-0.44000000000000006,-1.1299999999999992,-0.3899999999999999
2021-01-25,-0.17999999999999972,1.0500000000000003,-0.9799999999999998,7.6400000000000015,0.40000000000000036,2.22,-0.8500000000000003,-1.0700000000000003,0.11000000000000029
2021-01-31,0.09999999999999998,1.5399999999999998,-0.64,8.170000000000002,1.5399999999999998,3.51,-0.27,-0.8100000000000003,0.1899999999999999
2021-02-06,0.30999999999999983,1.8099999999999996,-0.04000000000000015,5.960000000000001,1.7199999999999993,2.459999999999999,-0.1100000000000001,-0.7400000000000002,-0.13000000000000028
2021-02-12,0.1499999999999997,1.9399999999999995,-0.26000000000000045,6.090000000000002,1.6299999999999997,2.4099999999999993,-0.5400000000000001,-1.6000000000000003,-0.13000000000000017
2021-02-18,0.0699999999999998,1.9199999999999995,0.06999999999999945,4.500000000000001,1.5599999999999996,2.4600000000000004,-0.6400000000000001,-0.9800000000000001,0.09000000000000005
2021-02-24,0.41000000000000003,2.7399999999999993,0.9099999999999999,5.160000000000001,2.61,1.97,-0.33999999999999986,-0.5999999999999999,0.6700000000000003
2021-03-02,0.7899999999999999,3.379999999999999,1.4299999999999997,4.36,3.23,2.41,0.17000000000000007,-0.8599999999999999,0.5099999999999996
2021-03-08,0.9199999999999998,3.59,2.03,3.3999999999999995,3.94,2.2700000000000005,0.24999999999999972,0.8600000000000003,0.5599999999999998
2021-03-14,1.37,3.94,2.670000000000001,3.74,4.190000000000001,2.760000000000001,0.09999999999999988,1.0999999999999996,1.0799999999999998
2021-03-20,1.6200000000000003,4.000000000000001,2.400000000000001,3.6800000000000006,2.8500000000000005,2.7700000000000005,-0.0900000000000002,1.2199999999999998,1.6500000000000001
2021-03-26,1.23,3.57,2.0900000000000007,3.2800000000000007,2.000000000000001,1.9400000000000002,-0.10000000000000021,1.169999999999999,1.58
2021-04-01,1.5300000000000002,3.72,1.76,3.3600000000000003,0.16999999999999987,1.1499999999999997,0.6400000000000006,0.879999999999999,2.1499999999999995
2021-04-07,1.71,3.8699999999999997,1.4800000000000002,3.87,0.2100000000000002,2.44,0.72,0.7899999999999997,2.46
2021-04-13,2.22,4.510000000000001,2.0500000000000003,4.6,0.3300000000000006,2.7,0.9,1.6999999999999997,3.02
2021-04-19,2.9200000000000004,5.19,2.62,5.409999999999999,0.9500000000000007,3.1,0.29999999999999993,2.3400000000000003,3.1999999999999997
2021-04-25,2.89,5.1,2.69,5.51,0.6400000000000003,3.59,-0.19999999999999973,2.75,2.589999999999999
2021-05-01,3.0,5.46,3.1899999999999995,5.72,0.7599999999999999,4.960000000000002,-1.9200000000000004,2.9600000000000004,2.5499999999999994
2021-05-07,4.14,6.72,3.7599999999999993,7.25,2.2,6.3900000000000015,-2.6999999999999997,1.8400000000000003,3.960000000000001
2021-05-13,4.5,7.140000000000001,4.319999999999999,7.789999999999999,2.4099999999999984,6.24,-2.759999999999999,2.1800000000000006,4.01
2021-05-19,3.82,8.32,5.760000000000001,8.85,4.75,6.399999999999999,-3.6600000000000006,0.9299999999999998,4.33
2021-05-25,4.590000000000002,8.72,5.880000000000001,9.29,5.67,6.8100000000000005,-4.369999999999999,1.0499999999999998,4.46
2021-05-31,4.8500000000000005,9.05,6.760000000000001,9.629999999999999,7.459999999999999,6.970000000000001,-6.699999999999999,1.7599999999999998,4.36
2021-06-06,4.8500000000000005,9.89,7.470000000000001,10.38,6.919999999999998,7.33,-7.9,1.75,4.86
2021-06-12,4.92,10.29,7.37,10.58,6.1499999999999995,8.230000000000002,-8.930000000000001,1.8800000000000001,5.2700000000000005
2021-06-18,5.06,10.58,8.06,10.900000000000002,6.270000000000001,8.15,-9.2,1.4700000000000002,5.529999999999999
2021-06-24,5.44,11.340000000000002,8.350000000000001,11.379999999999999,5.420000000000002,9.01,-10.1,1.01,6.069999999999999
2021-06-30,5.990000000000001,11.660000000000002,8.39,11.74,5.110000000000002,8.650000000000002,-9.940000000000001,1.7300000000000004,6.360000000000001
2021-07-06,5.620000000000001,10.89,7.830000000000001,11.09,4.000000000000002,7.890000000000001,-9.530000000000001,1.37,5.29
2021-07-12,5.700000000000001,11.29,7.8500000000000005,11.469999999999999,4.940000000000002,8.18,-10.370000000000001,1.7100000000000004,5.680000000000001
2021-07-18,6.580000000000001,10.349999999999998,6.829999999999999,10.47,3.9600000000000004,8.32,-9.329999999999998,1.52,5.07
2021-07-24,6.720000000000001,10.39,7.35,10.42,3.149999999999999,7.35,-8.700000000000001,1.74,4.14
2021-07-30,6.49,10.030000000000001,6.659999999999999,10.120000000000001,2.549999999999999,7.350000000000001,-7.950000000000001,1.77,4.040000000000001
2021-08-05,6.8900000000000015,9.530000000000003,6.290000000000001,9.74,3.8400000000000003,6.510000000000002,-8.05,2.0599999999999996,3.3700000000000006
2021-08-11,6.810000000000001,9.5,6.48,9.68,5.42,6.950000000000001,-5.99,1.9600000000000002,4.200000000000001
2021-08-17,7.020000000000001,9.27,5.88,9.420000000000002,5.1899999999999995,7.31,-4.73,2.25,3.84
2021-08-23,6.710000000000002,8.31,5.51,8.76,5.56,6.5200000000000005,-3.5600000000000014,2.1000000000000005,3.25
2021-08-29,6.250000000000001,7.8100000000000005,5.260000000000001,8.32,5.3100000000000005,5.85,-2.4700000000000006,1.5800000000000003,3.4500000000000006
2021-09-04,6.17,8.05,5.09,8.510000000000002,4.790000000000001,5.989999999999999,-2.7000000000000015,1.36,3.8300000000000005
2021-09-10,6.25,7.520000000000001,4.87,7.75,3.7900000000000005,5.89,-1.8800000000000001,0.8000000000000003,3.5100000000000002
2021-09-16,5.99,7.370000000000001,4.71,7.7700000000000005,3.0500000000000007,5.47,-2.1500000000000004,0.6400000000000005,2.8
2021-09-22,4.819999999999999,6.9300000000000015,4.090000000000001,7.07,2.5300000000000002,6.75,-2.3400000000000007,0.4600000000000002,2.7500000000000004
2021-09-28,4.48,6.77,3.9300000000000006,6.810000000000001,2.5100000000000007,6.650000000000001,-2.920000000000001,0.39000000000000007,3.0000000000000004
2021-10-04,3.36,6.69,4.320000000000001,6.700000000000001,2.0100000000000007,6.990000000000001,-2.78,0.3899999999999999,3.8100000000000005
2021-10-10,2.69,5.7700000000000005,3.63,5.710000000000001,1.01,6.140000000000001,-4.48,0.3899999999999999,2.36
2021-10-16,1.6500000000000001,5.080000000000001,3.28,5.010000000000001,0.5700000000000001,5.249999999999999,-5.55,-0.16000000000000025,2.62
2021-10-22,0.8600000000000005,5.0600000000000005,3.1000000000000005,4.720000000000001,0.5800000000000003,5.870000000000001,-7.32,0.14000000000000012,3.1200000000000006
2021-10-28,0.19000000000000034,4.460000000000001,2.41,4.050000000000001,0.17,5.630000000000001,-7.909999999999999,5.551115123125783e-17,2.6999999999999997
2021-11-03,-0.7599999999999998,4.140000000000001,3.25,3.5700000000000007,-0.05999999999999989,5.450000000000001,-8.14,-0.060000000000000026,2.96
2021-11-09,-1.8900000000000001,3.8400000000000003,3.1700000000000004,3.3500000000000005,-0.31999999999999995,5.210000000000001,-8.040000000000001,0.04000000000000009,2.99
2021-11-15,-2.4200000000000004,4.08,3.59,3.3400000000000007,-0.2599999999999999,6.210000000000002,-8.84,-0.02999999999999986,4.0200000000000005
2021-11-21,-2.9200000000000004,4.12,4.05,3.4400000000000004,-0.5700000000000001,6.1800000000000015,-7.44,-0.62,5.020000000000001
2021-11-27,-3.66,4.0200000000000005,4.16,3.2600000000000002,-1.1600000000000001,6.32,-6.510000000000001,-1.5200000000000002,5.460000000000002
2021-12-03,-3.7830303030303023,4.051515151515153,4.156969696969696,3.224848484848484,-1.3563636363636367,6.615757575757577,-5.772727272727268,-1.7781818181818188,5.644242424242425
2021-12-09,-4.029090909090908,4.114545454545455,4.15090909090909,3.1545454545454534,-1.7490909090909095,7.207272727272728,-4.298181818181813,-2.294545454545455,6.012727272727274
2021-12-15,-4.2751515151515145,4.177575757575758,4.144848484848484,3.084242424242423,-2.1418181818181825,7.79878787878788,-2.8236363636363606,-2.810909090909091,6.381212121212123
2021-12-21,-4.521212121212121,4.240606060606061,4.138787878787878,3.0139393939393924,-2.534545454545455,8.39030303030303,-1.349090909090906,-3.3272727272727276,6.749696969696971
2021-12-27,-4.767272727272726,4.303636363636365,4.132727272727271,2.943636363636362,-2.9272727272727277,8.98181818181818,0.1254545454545486,-3.843636363636364,7.118181818181819
