pid,longitude,latitude,height
366IZ1Lt2t,17.286442,50.474334,206.1
366IZ1Lt2u,17.286523,50.474324,199.7
366IZ1MR8j,17.287383,50.473961,198.6
366IZ1MR8v,17.286671,50.474051,197.8
366IZ1MiBi,17.287448,50.473826,202.2
366IZ1MiBj,17.287463,50.473824,198.8
366IZ1MiBr,17.287053,50.473875,195.3
366IZ1MiBx,17.286598,50.473932,199.4
366IZ1MzEN,17.289159,50.473484,186.4
366IZ1MzEl,17.287484,50.473694,196.1
366IZ1MzF0,17.2865,50.473816,199.3
366IZ1MzF1,17.286407,50.473828,200.8
366IZ1MzF2,17.286275,50.473845,204.0
366IZ1MzFM,17.285065,50.473996,203.7
366IZ1MzFN,17.285041,50.473999,202.0
366IZ1MzFO,17.28494,50.474012,203.9
366IZ1NGH3,17.290301,50.473214,193.6
366IZ1NGH4,17.29024,50.473221,193.5
366IZ1NGH8,17.290013,50.47325,192.8
366IZ1NGH9,17.289941,50.473258,193.3
366IZ1NGHB,17.289844,50.473271,192.2
366IZ1NGHF,17.289648,50.473295,190.0
366IZ1NGHH,17.289639,50.473296,185.0
366IZ1NGHL,17.289213,50.47335,193.2
366IZ1NGHh,17.287851,50.47352,194.3
366IZ1NGHi,17.287693,50.47354,198.7
366IZ1NGI4,17.286218,50.473724,204.8
366IZ1NGI5,17.286257,50.473719,200.3
366IZ1NGIQ,17.284901,50.473889,203.9
366IZ1NGIR,17.284918,50.473887,200.3
366IZ1NXK9,17.289988,50.473125,194.9
366IZ1NXKC,17.289875,50.473139,191.8
366IZ1NXKD,17.289797,50.473149,192.6
366IZ1NXKH,17.289632,50.47317,189.0
366IZ1NXKJ,17.289634,50.473169,183.5
366IZ1NXKP,17.289006,50.473248,195.3
366IZ1NXKQ,17.288973,50.473252,194.1
366IZ1NXKU,17.288808,50.473273,190.5
366IZ1NXKY,17.28853,50.473307,192.1
366IZ1NXKb,17.288346,50.47333,192.2
366IZ1NXKj,17.28781,50.473397,194.4
366IZ1NXKk,17.287747,50.473405,194.5
366IZ1NoNO,17.28921,50.473095,192.6
366IZ1NoNP,17.289096,50.473109,195.0
366IZ1NoNQ,17.289019,50.473119,195.8
366IZ1NoNS,17.288918,50.473131,194.8
366IZ1NoNU,17.2888,50.473146,194.7
366IZ1NoNW,17.288843,50.473141,187.2
366IZ1NoNa,17.288477,50.473186,192.8
366IZ1NoNc,17.28827,50.473212,196.6
366IZ1NoNd,17.288213,50.473219,196.4
366IZ1NoNi,17.287872,50.473262,198.1
366IZ1NoNj,17.287781,50.473273,199.4
366IZ1NoOi,17.283986,50.473748,203.3
366IZ1NoOk,17.283806,50.47377,205.9
366IZ1NoOl,17.283742,50.473778,206.1
366IZ1O5Q9,17.290183,50.472845,193.7
366IZ1O5QQ,17.289234,50.472964,189.8
366IZ1O5QS,17.288944,50.473,197.4
366IZ1O5QT,17.289077,50.472984,188.7
366IZ1O5QW,17.288785,50.47302,193.6
366IZ1O5Qe,17.288297,50.473081,193.6
366IZ1O5Qf,17.288156,50.473099,197.2
366IZ1O5Qo,17.287785,50.473145,189.3
366IZ1O5Qv,17.28727,50.47321,193.3
366IZ1O5Rm,17.283612,50.473667,213.0
366IZ1O5Rn,17.283721,50.473653,205.3
366IZ1O5Ro,17.283648,50.473662,205.8
366IZ1O5Rp,17.2837,50.473656,200.7
366IZ1O5Rs,17.283425,50.47369,204.9
366IZ1OMTB,17.290139,50.472723,193.9
366IZ1OMTC,17.290042,50.472735,195.5
366IZ1OMTE,17.289958,50.472746,193.9
366IZ1OMTO,17.289258,50.472833,198.0
366IZ1OMTS,17.289181,50.472843,190.5
366IZ1OMTU,17.28893,50.472874,196.3
366IZ1OMTV,17.289088,50.472855,186.4
366IZ1OMTh,17.288123,50.472975,197.0
366IZ1OMTi,17.288049,50.472984,197.6
366IZ1OMTq,17.287793,50.473017,187.2
366IZ1OMTx,17.28718,50.473093,195.7
366IZ1OMUm,17.283913,50.473502,203.1
366IZ1OMUn,17.283934,50.473499,199.4
366IZ1OMUo,17.283871,50.473507,199.5
366IZ1OMUs,17.283633,50.473537,199.3
366IZ1OMUu,17.283455,50.473559,201.8
366IZ1OdWD,17.29001,50.472611,198.0
366IZ1OdWE,17.290018,50.47261,194.9
366IZ1OdWQ,17.289222,50.47271,197.9
366IZ1OdWo,17.287861,50.47288,193.4
366IZ1OdWp,17.287739,50.472896,196.2
366IZ1OdWq,17.287757,50.472893,192.6
366IZ1OdXH,17.28587,50.473129,203.7
366IZ1OdYL,17.281995,50.473614,197.4
366IZ1OdYe,17.280458,50.473806,214.6
366IZ1OubM,17.281967,50.47349,199.7
366IZ1OubO,17.281812,50.473509,201.2
366IZ1Oubf,17.28041,50.473684,217.8
366IZ1PBc3,17.29087,50.472249,194.2
366IZ1PBeO,17.281965,50.473362,198.0
366IZ1PBeP,17.28193,50.473367,196.9
366IZ1PBei,17.280369,50.473561,215.2
366IZ1PSf4,17.290861,50.472122,195.6
366IZ1QHp0,17.28752,50.472157,198.4
366IZ1R6ut,17.299688,50.470251,190.9
366IZ1R6vL,17.297935,50.470471,193.0
366IZ1Rf0x,17.299563,50.470012,193.1
366IZ1Rw3k,17.300504,50.469766,190.1
366IZ1Rw45,17.299185,50.469931,191.9
366IZ1SD6i,17.300694,50.469615,190.8
366IZ1SD6m,17.300444,50.469646,191.1
366IZ1SD73,17.299257,50.469794,197.9
366IZ1SD76,17.299138,50.469809,195.0
366IZ1SD77,17.2992,50.469802,189.5
366IZ1SU9f,17.30091,50.46946,193.1
366IZ1SU9g,17.300892,50.469462,191.1
366IZ1SUA5,17.299307,50.46966,193.9
366IZ1SlCh,17.300886,50.469335,192.4
366IZ1SlCi,17.300913,50.469332,188.5
366IZ1SlEa,17.293572,50.47025,200.8
366IZ1SlEo,17.292647,50.470366,204.1
366IZ1T2Hc,17.293477,50.470135,203.4
366IZ1T2Hd,17.293516,50.47013,198.9
366IZ1U8RU,17.301964,50.468562,198.3
366IZ1U8Sg,17.29739,50.469134,201.3
366IZ1U8Su,17.296557,50.469238,200.4
366IZ1WbzD,17.276889,50.470549,218.6
366IZ1WbzF,17.277018,50.470533,207.2
366IZ1Wt2E,17.277016,50.470406,213.8
366IZ1Wt2G,17.276989,50.470409,209.6
366IZ1Wt2I,17.276798,50.470433,212.7
366IZ1XA5I,17.276997,50.47028,207.5
366IZ1XA5J,17.276953,50.470286,206.7
366IZ1XA5K,17.276889,50.470294,206.8
366IZ1XR8G,17.27693,50.470161,219.8
366IZ1XR8I,17.276937,50.47016,213.9
366IZ1XR8M,17.276774,50.470181,210.4
366IZ1XiBI,17.276925,50.470034,218.3
366IZ1XiBM,17.276799,50.47005,213.0
366IZ1Xz7S,17.303349,50.466601,194.1
366IZ1XzER,17.27644,50.469967,219.2
366IZ1YXKS,17.276558,50.469697,218.7
366IZ1YXKV,17.276392,50.469718,218.0
366IZ1YXKY,17.276259,50.469734,215.7
366IZ1YoNX,17.276456,50.469582,213.3
366IZ1YoNY,17.276318,50.469599,216.8
366IZ1Z5Qa,17.27635,50.469467,213.6
366IZ1ZuZb,17.276782,50.469031,202.6
366IZ1ZuZc,17.276732,50.469037,202.1
366IZ1cew9,17.305796,50.464123,200.1
366IZ1cf46,17.275774,50.46788,200.7
366IZ1cw78,17.275696,50.467762,202.5
366IZ1dD25,17.305981,50.463844,210.3
366IZ1dD2B,17.305828,50.463864,200.7
366IZ1dD2F,17.3057,50.46388,195.5
366IZ1dD2I,17.305782,50.46387,183.6
366IZ1dD2J,17.305535,50.463901,191.9
366IZ1dD2L,17.305652,50.463886,181.2
366IZ1dD2R,17.305399,50.463918,176.1
366IZ1dDAB,17.27553,50.467655,205.5
366IZ1dU5B,17.30594,50.463722,199.4
366IZ1dU5C,17.306059,50.463707,191.3
366IZ1dU5K,17.305584,50.463767,190.7
366IZ1dU5M,17.305371,50.463793,194.8
366IZ1dUD7,17.275878,50.467484,204.5
366IZ1dUD8,17.275828,50.46749,204.0
366IZ1dUDA,17.275702,50.467506,204.2
366IZ1dUDG,17.275177,50.467571,211.5
366IZ1dl8A,17.306137,50.46357,197.1
366IZ1dl8F,17.30587,50.463603,195.4
366IZ1dl8H,17.305666,50.463629,199.0
366IZ1dl8J,17.305396,50.463663,205.7
366IZ1dl8K,17.305498,50.46365,198.3
366IZ1dl8L,17.305386,50.463664,200.6
366IZ1dlG3,17.27633,50.4673,198.8
366IZ1dlG4,17.276171,50.46732,203.3
366IZ1dlGA,17.27576,50.467371,205.4
366IZ1dlGC,17.275661,50.467383,204.3
366IZ1dlGD,17.275483,50.467406,209.6
366IZ1dlGG,17.275433,50.467412,203.7
366IZ1dlGI,17.275084,50.467455,213.9
366IZ1e2BD,17.30602,50.463457,197.9
366IZ1e2BE,17.305964,50.463464,197.6
366IZ1e2BG,17.30582,50.463482,198.6
366IZ1e2J5,17.276265,50.46718,200.0
366IZ1e2J6,17.276094,50.467201,205.0
366IZ1e2JB,17.275782,50.467241,205.4
366IZ1e2JC,17.275643,50.467258,208.9
366IZ1e2JE,17.275588,50.467265,205.9
366IZ1eJEH,17.305749,50.463363,202.8
366IZ1eJMN,17.27497,50.467214,212.9
366IZ1eaGq,17.307714,50.462989,192.3
366IZ1eaGw,17.307305,50.46304,194.2
366IZ1eaHG,17.305945,50.463211,200.5
366IZ1eaHI,17.305733,50.463237,204.5
366IZ1eaHJ,17.305665,50.463246,204.8
366IZ1eaHK,17.305568,50.463258,206.5
366IZ1eaHN,17.305605,50.463253,196.6
366IZ1eaPP,17.27497,50.467087,211.1
366IZ1erJr,17.307763,50.462855,191.1
366IZ1erJt,17.307623,50.462873,191.9
366IZ1erJv,17.307534,50.462884,190.4
366IZ1erJy,17.307298,50.462914,192.8
366IZ1erKB,17.306218,50.463049,205.7
366IZ1erKF,17.306231,50.463047,194.1
366IZ1erKI,17.30595,50.463082,198.5
366IZ1erKJ,17.305838,50.463096,200.8
366IZ1erKN,17.305652,50.46312,198.2
366IZ1erKO,17.305649,50.46312,195.6
366IZ1erSk,17.273761,50.46711,211.9
366IZ1f8Mt,17.307738,50.462731,190.5
366IZ1f8Mu,17.307638,50.462743,192.3
366IZ1f8Mv,17.307575,50.462751,192.4
366IZ1f8Mx,17.307529,50.462757,189.0
366IZ1f8Mz,17.307337,50.462781,192.1
366IZ1f8N0,17.307231,50.462794,194.1
366IZ1f8N2,17.30724,50.462793,188.2
366IZ1f8ND,17.306299,50.462911,200.4
366IZ1f8NG,17.306238,50.462919,194.9
366IZ1f8NJ,17.305899,50.462961,201.9
366IZ1f8NM,17.305739,50.462981,200.9
366IZ1f8NN,17.305745,50.46298,197.9
366IZ1f8V0,17.275732,50.466735,252.9
366IZ1f8V2,17.275553,50.466758,255.5
366IZ1f8VV,17.274997,50.466828,201.0
366IZ1f8VX,17.274914,50.466838,199.3
366IZ1f8Vc,17.274726,50.466862,194.1
366IZ1f8Vm,17.274018,50.46695,198.6
366IZ1fPQ4,17.307068,50.462687,194.2
366IZ1fPQD,17.306618,50.462743,189.8
366IZ1fPQG,17.306245,50.46279,198.3
366IZ1fPQH,17.305991,50.462822,207.0
366IZ1fPQI,17.306144,50.462803,197.4
366IZ1fPQL,17.305825,50.462843,203.5
366IZ1fPQM,17.305853,50.462839,199.5
366IZ1fPQN,17.305806,50.462845,198.9
366IZ1fPQO,17.305829,50.462842,195.1
366IZ1fPXv,17.275646,50.466618,274.3
366IZ1fPXw,17.275596,50.466624,273.8
366IZ1fPY2,17.275487,50.466638,262.3
366IZ1fPY3,17.275518,50.466634,258.1
366IZ1fPY4,17.275514,50.466635,255.5
366IZ1fPY5,17.275586,50.466626,249.6
366IZ1fPY8,17.275451,50.466643,247.4
366IZ1fPYA,17.275428,50.466646,243.0
366IZ1fPYB,17.275439,50.466644,239.7
366IZ1fPYH,17.275835,50.466596,205.3
366IZ1fPYJ,17.275189,50.466676,229.1
366IZ1fPYK,17.275355,50.466655,218.8
366IZ1fPYO,17.275063,50.466692,221.0
366IZ1fPYP,17.27503,50.466696,219.8
366IZ1fPYQ,17.275064,50.466692,215.5
366IZ1fPYR,17.274988,50.466701,216.2
366IZ1fPYU,17.274957,50.466705,209.3
366IZ1fPYY,17.2749,50.466713,200.9
366IZ1fPYZ,17.274931,50.466709,196.8
366IZ1fPYd,17.274631,50.466746,199.3
366IZ1fPYe,17.274724,50.466735,192.4
366IZ1fPYn,17.273651,50.466868,216.2
366IZ1fPYp,17.273577,50.466878,214.0
366IZ1fPYq,17.273438,50.466895,217.6
366IZ1fPYr,17.273578,50.466878,208.5
366IZ1fgTD,17.306505,50.46263,198.6
366IZ1fgTG,17.306371,50.462647,196.4
366IZ1fgTH,17.306331,50.462652,195.5
366IZ1fgTK,17.306039,50.462688,200.4
366IZ1fgTS,17.305707,50.46273,193.4
366IZ1fgbN,17.275608,50.466496,202.9
366IZ1fgbS,17.275145,50.466554,210.1
366IZ1fgbU,17.275079,50.466562,207.6
366IZ1fgbZ,17.274699,50.46661,211.0
366IZ1fgbu,17.273376,50.466775,213.2
366IZ1fgbv,17.273329,50.466781,212.5
366IZ1fxW8,17.307096,50.462428,189.5
366IZ1fxW9,17.307018,50.462438,190.3
366IZ1fxWI,17.306272,50.462531,199.2
366IZ1fxWL,17.305964,50.46257,204.8
366IZ1fxWN,17.305892,50.462579,202.5
366IZ1fxWQ,17.305863,50.462583,195.6
366IZ1fxWS,17.30557,50.462619,203.3
366IZ1fxeO,17.275696,50.466358,199.9
366IZ1fxeP,17.275595,50.46637,201.7
366IZ1fxeT,17.275321,50.466404,203.1
366IZ1fxeU,17.275299,50.466407,201.4
366IZ1fxeV,17.275287,50.466409,199.2
366IZ1fxeX,17.274923,50.466454,210.1
366IZ1fxeb,17.274803,50.466469,204.6
366IZ1fxec,17.274752,50.466476,204.1
366IZ1fxes,17.273477,50.466635,217.8
366IZ1fxev,17.273345,50.466651,215.6
366IZ1fxf4,17.272968,50.466698,207.9
366IZ1gEZ9,17.307074,50.462303,191.5
366IZ1gEZA,17.307042,50.462307,190.2
366IZ1gEZH,17.306474,50.462378,196.6
366IZ1gEZM,17.306165,50.462417,196.7
366IZ1gEZO,17.305983,50.46244,199.4
366IZ1gEZP,17.305867,50.462454,201.9
366IZ1gEZX,17.305543,50.462495,194.5
366IZ1gEhR,17.275503,50.466254,204.2
366IZ1gEhZ,17.274906,50.466329,209.2
366IZ1gEhb,17.274753,50.466348,210.6
366IZ1gEhd,17.274585,50.466369,212.7
366IZ1gEhe,17.27471,50.466353,204.3
366IZ1gEhw,17.273381,50.466519,215.0
366IZ1gEhx,17.273369,50.466521,212.8
366IZ1gVbu,17.308076,50.46205,191.4
366IZ1gVbv,17.308005,50.462059,191.8
366IZ1gVc8,17.307336,50.462143,186.3
366IZ1gVcA,17.307088,50.462174,191.9
366IZ1gVcB,17.307112,50.462171,188.1
366IZ1gVcC,17.307062,50.462177,187.6
366IZ1gVkY,17.275247,50.466158,200.3
366IZ1gVkZ,17.275232,50.46616,198.2
366IZ1gVka,17.275223,50.466162,195.9
366IZ1gVkd,17.274833,50.46621,205.2
366IZ1gVke,17.274807,50.466213,203.7
366IZ1gVkf,17.274623,50.466236,209.3
366IZ1gVkg,17.274589,50.466241,208.1
366IZ1gVkh,17.274669,50.466231,201.7
366IZ1gVkz,17.273368,50.466393,211.1
366IZ1gVl3,17.273107,50.466426,211.9
366IZ1gmet,17.308165,50.461911,193.9
366IZ1gmev,17.308072,50.461923,192.6
366IZ1gmew,17.308045,50.461926,191.1
366IZ1gmex,17.307941,50.461939,193.0
366IZ1gmfC,17.307121,50.462042,188.7
366IZ1gmfP,17.306145,50.462164,196.9
366IZ1gmna,17.275206,50.466036,200.4
366IZ1gmnb,17.275195,50.466037,198.2
366IZ1gmne,17.274865,50.466078,204.8
366IZ1gmnf,17.274735,50.466095,207.9
366IZ1gmng,17.274798,50.466087,202.3
366IZ1gmni,17.274638,50.466107,204.1
366IZ1gmo4,17.273153,50.466292,210.9
366IZ1h3hv,17.308065,50.461796,196.7
366IZ1h3i1,17.307847,50.461823,190.0
366IZ1h3qg,17.274894,50.465947,201.8
366IZ1h3qh,17.274846,50.465953,201.2
366IZ1h3ql,17.274494,50.465997,206.1
366IZ1h3qm,17.274474,50.466,204.3
366IZ1hKky,17.308036,50.461672,193.5
366IZ1hKl4,17.30765,50.46172,194.4
366IZ1hKl5,17.307616,50.461724,193.1
366IZ1hKtj,17.274784,50.465833,202.3
366IZ1hKtk,17.274799,50.465831,198.8
366IZ1hKtr,17.274112,50.465917,210.7
366IZ1hbnx,17.308167,50.461528,194.1
366IZ1hbny,17.308154,50.461529,191.9
366IZ1hbo3,17.307756,50.461579,196.1
366IZ1hbo7,17.307608,50.461598,191.8
366IZ1hbwk,17.274792,50.465705,202.9
366IZ1hbx5,17.273351,50.465885,210.4
366IZ1hbx6,17.27331,50.46589,209.5
366IZ1hsr0,17.308119,50.461406,191.8
366IZ1hsr2,17.30795,50.461427,193.9
366IZ1hsr3,17.307765,50.46145,199.5
366IZ1hsr4,17.307847,50.46144,193.0
366IZ1hsr6,17.307608,50.46147,198.3
366IZ1hsr7,17.307683,50.461461,192.2
366IZ1hsrK,17.306824,50.461568,195.1
366IZ1hsrU,17.306138,50.461654,198.6
366IZ1hsrZ,17.306721,50.461582,158.7
366IZ1hsra,17.306563,50.461602,163.0
366IZ1hszm,17.274805,50.465575,200.6
366IZ1i9u5,17.307787,50.46132,196.7
366IZ1i9u6,17.307845,50.461313,191.4
366IZ1i9u9,17.307587,50.461345,194.8
366IZ1i9uL,17.30678,50.461446,198.1
366IZ1i9uM,17.306811,50.461442,194.0
366IZ1i9uN,17.306626,50.461465,199.6
366IZ1i9uP,17.306587,50.46147,195.8
366IZ1i9uS,17.307066,50.461411,166.1
366IZ1i9uT,17.307284,50.461384,153.6
366IZ1i9ua,17.306446,50.461488,172.0
366IZ1iA2t,17.274508,50.465485,198.6
366IZ1iQx6,17.307928,50.461175,191.4
366IZ1iQxC,17.307533,50.461224,192.7
366IZ1iQxH,17.306805,50.461315,211.7
366IZ1iQxI,17.306994,50.461292,200.5
366IZ1iQxL,17.306949,50.461297,194.3
366IZ1iQxM,17.306969,50.461295,190.6
366IZ1iQxO,17.306792,50.461317,193.1
366IZ1iQxR,17.306524,50.461351,197.0
366IZ1iQxU,17.307035,50.461287,165.7
366IZ1iQxV,17.307089,50.46128,160.6
366IZ1iQxY,17.30692,50.461302,160.0
366IZ1iR5x,17.274246,50.46539,203.2
366IZ1iR5y,17.274228,50.465392,201.3
366IZ1iR6A,17.273329,50.465504,208.9
366IZ1ii06,17.307961,50.461043,193.7
366IZ1ii0H,17.306985,50.461165,207.4
366IZ1ii0I,17.306873,50.461179,209.7
366IZ1ii0J,17.306842,50.461183,208.4
366IZ1ii0L,17.306917,50.461174,199.5
366IZ1ii0O,17.3068,50.461188,196.5
366IZ1ii0S,17.306507,50.461225,198.7
366IZ1ii9C,17.273224,50.46539,212.0
366IZ1ii9D,17.273067,50.465409,216.3
366IZ1ii9Q,17.272312,50.465504,214.8
366IZ1ii9S,17.27235,50.465499,207.5
366IZ1ii9T,17.272266,50.46551,208.6
366IZ1ii9Y,17.271924,50.465552,210.3
366IZ1ii9Z,17.271994,50.465544,204.4
366IZ1iz31,17.308389,50.460862,191.9
366IZ1iz3J,17.307011,50.461034,204.5
366IZ1iz3M,17.306834,50.461056,204.2
366IZ1iz3Q,17.30676,50.461066,196.6
366IZ1iz3T,17.306535,50.461094,198.5
366IZ1iz3U,17.306422,50.461108,200.8
366IZ1iz3X,17.306357,50.461116,195.5
366IZ1iz3Y,17.306248,50.46113,197.7
366IZ1izC4,17.27402,50.465163,201.7
366IZ1izCE,17.273018,50.465288,219.5
366IZ1izCQ,17.27245,50.465359,212.3
366IZ1izCS,17.272295,50.465378,213.8
366IZ1izCV,17.272211,50.465389,209.4
366IZ1jG66,17.307996,50.460783,199.6
366IZ1jG69,17.307967,50.460787,192.7
366IZ1jG6D,17.307875,50.460798,185.9
366IZ1jG6E,17.307691,50.460821,191.4
366IZ1jG6G,17.307539,50.46084,192.8
366IZ1jG6N,17.306845,50.460927,204.8
366IZ1jG6O,17.306896,50.460921,199.7
366IZ1jG6Q,17.306957,50.460913,191.5
366IZ1jG6R,17.306834,50.460929,194.3
366IZ1jG6S,17.306789,50.460934,193.6
366IZ1jG6T,17.306698,50.460946,194.9
366IZ1jG6Z,17.306311,50.460994,195.9
366IZ1jG6a,17.306262,50.461,195.3
366IZ1jGFI,17.273206,50.465137,203.8
366IZ1jGFK,17.273068,50.465154,204.5
366IZ1jX91,17.308437,50.4606,197.3
366IZ1jX93,17.308371,50.460608,194.8
366IZ1jX96,17.308238,50.460625,192.5
366IZ1jX99,17.308028,50.460651,193.7
366IZ1jX9C,17.30788,50.46067,192.2
366IZ1jX9I,17.307519,50.460715,191.9
366IZ1jX9N,17.30713,50.460764,195.7
366IZ1jX9O,17.307149,50.460762,192.1
366IZ1jX9P,17.307104,50.460767,191.4
366IZ1jX9S,17.306916,50.460791,191.6
366IZ1jXIF,17.273432,50.464981,205.6
366IZ1jXIG,17.273461,50.464977,201.5
366IZ1jXIH,17.273218,50.465008,209.8
366IZ1jXIL,17.273141,50.465017,202.3
366IZ1jXIM,17.27303,50.465031,204.5
366IZ1jXIO,17.272603,50.465084,218.4
366IZ1jXIQ,17.272749,50.465066,206.2
366IZ1jXIR,17.272797,50.46506,201.3
366IZ1jXIU,17.272411,50.465108,210.6
366IZ1jXIV,17.27237,50.465113,209.7
366IZ1joC5,17.308372,50.460481,193.0
366IZ1joC6,17.308205,50.460501,197.7
366IZ1joC8,17.308211,50.460501,192.0
366IZ1joCB,17.308087,50.460516,189.3
366IZ1joCK,17.307405,50.460602,195.3
366IZ1joCP,17.307182,50.46063,191.6
366IZ1joLG,17.273475,50.464848,204.7
366IZ1joLS,17.27279,50.464933,202.7
366IZ1joLT,17.272769,50.464936,200.9
366IZ1k5F5,17.308386,50.460351,196.1
366IZ1k5F6,17.308399,50.46035,192.8
366IZ1k5F7,17.308379,50.460352,191.0
366IZ1k5F9,17.308172,50.460378,194.8
366IZ1k5FA,17.308133,50.460383,193.8
366IZ1k5FP,17.307187,50.460501,195.2
366IZ1k5FQ,17.307211,50.460498,191.3
366IZ1k5ON,17.273168,50.464759,203.1
366IZ1k5Oc,17.272104,50.464891,210.0
366IZ1k5Od,17.272026,50.464901,210.8
366IZ1k5Oe,17.271924,50.464914,212.7
366IZ1k5Oh,17.271656,50.464947,216.5
366IZ1k5Oi,17.271659,50.464947,213.6
366IZ1kMI8,17.308335,50.46023,193.9
366IZ1kMI9,17.308332,50.46023,191.3
366IZ1kMIA,17.308288,50.460236,190.6
366IZ1kMIF,17.307908,50.460283,193.9
366IZ1kMIT,17.307243,50.460367,185.4
366IZ1kMIe,17.306361,50.460477,194.9
366IZ1kMRe,17.272088,50.464766,209.0
366IZ1kMRg,17.271798,50.464802,216.6
366IZ1kMRh,17.27187,50.464793,210.6
366IZ1kMRj,17.271651,50.46482,215.0
366IZ1kMRk,17.271706,50.464813,209.8
366IZ1kMRp,17.271374,50.464855,211.1
366IZ1kMRy,17.270766,50.464931,213.8
366IZ1kMRz,17.270747,50.464933,212.0
366IZ1kMS0,17.27073,50.464935,210.0
366IZ1kdL6,17.308545,50.460076,193.8
366IZ1kdL7,17.308505,50.460081,192.8
366IZ1kdL8,17.308398,50.460094,194.9
366IZ1kdL9,17.308558,50.460074,185.0
366IZ1kdLA,17.308351,50.4601,191.5
366IZ1kdLC,17.308309,50.460105,187.9
366IZ1kdLG,17.307928,50.460153,194.1
366IZ1kdLU,17.307178,50.460247,189.4
366IZ1kdLg,17.306435,50.46034,189.9
366IZ1kdUY,17.27267,50.464565,202.9
366IZ1kdUm,17.271745,50.464681,206.3
366IZ1kdUr,17.271268,50.46474,214.1
366IZ1kdUv,17.271057,50.464767,212.7
366IZ1kdUw,17.270993,50.464775,212.8
366IZ1kdUy,17.270787,50.4648,216.7
366IZ1kdUz,17.270771,50.464803,214.7
366IZ1kuO8,17.308527,50.45995,192.8
366IZ1kuO9,17.308425,50.459963,194.7
366IZ1kuOB,17.308292,50.45998,195.1
366IZ1kuOC,17.308358,50.459972,189.4
366IZ1kuOH,17.308059,50.460009,189.2
366IZ1kuOV,17.307131,50.460125,192.5
366IZ1kuXf,17.27229,50.464485,204.6
366IZ1kuXg,17.272256,50.464489,203.4
366IZ1kuXu,17.271602,50.464571,194.5
366IZ1kuY3,17.27058,50.464699,216.0
366IZ1kuY6,17.270518,50.464707,210.6
366IZ1kuY7,17.270368,50.464725,214.6
366IZ1lBRX,17.307152,50.459995,189.8
366IZ1lBRd,17.306808,50.460038,188.9
366IZ1lBal,17.272093,50.464382,200.8
366IZ1lBb1,17.271465,50.464461,185.3
366IZ1lBb4,17.271194,50.464495,189.3
366IZ1lBb5,17.270569,50.464572,214.8
366IZ1lBb7,17.270646,50.464563,205.8
366IZ1lBb8,17.270524,50.464578,208.6
366IZ1lSUI,17.308115,50.459747,191.4
366IZ1lSUL,17.307843,50.459781,195.4
366IZ1lSUQ,17.307535,50.459819,195.6
366IZ1lSUR,17.307478,50.459826,195.4
366IZ1lSUZ,17.306989,50.459888,195.4
366IZ1lSUa,17.30713,50.45987,186.3
366IZ1lSUe,17.306827,50.459908,189.0
366IZ1lSUf,17.306721,50.459921,191.0
366IZ1lSUg,17.306461,50.459954,200.0
366IZ1lSUl,17.306155,50.459992,200.0
366IZ1lSdi,17.272165,50.464245,209.5
366IZ1lSdk,17.27214,50.464249,205.2
366IZ1lSe2,17.271599,50.464317,180.2
366IZ1lSe8,17.270482,50.464456,214.3
366IZ1lSeE,17.270184,50.464493,211.3
366IZ1lSeH,17.270061,50.464508,208.6
366IZ1lSeJ,17.270014,50.464514,205.2
366IZ1ljXK,17.308039,50.459628,193.1
366IZ1ljXL,17.308029,50.45963,190.8
366IZ1ljXM,17.307855,50.459651,195.9
366IZ1ljXO,17.307797,50.459659,193.0
366IZ1ljXS,17.307556,50.459689,192.9
366IZ1ljXT,17.307459,50.459701,194.5
366IZ1ljXi,17.306422,50.459831,200.0
366IZ1ljgl,17.272098,50.464126,208.1
366IZ1ljhG,17.27012,50.464373,212.4
366IZ1ljhJ,17.269972,50.464392,210.9
366IZ1m0aQ,17.307778,50.459533,192.2
366IZ1m0aS,17.307733,50.459539,188.7
366IZ1m0aT,17.30772,50.459541,186.6
366IZ1m0aV,17.307505,50.459568,190.8
366IZ1m0aW,17.307307,50.459592,196.9
366IZ1m0aX,17.30738,50.459583,190.9
366IZ1m0ad,17.306994,50.459632,191.8
366IZ1m0ai,17.30667,50.459672,192.6
366IZ1m0aj,17.306531,50.45969,196.1
366IZ1m0k9,17.270743,50.464168,207.3
366IZ1m0kI,17.270103,50.464248,211.5
366IZ1m0mU,17.26179,50.465286,214.3
366IZ1m0mn,17.260571,50.465438,217.3
366IZ1mHdG,17.308557,50.459308,188.4
366IZ1mHdI,17.3082,50.459353,198.9
366IZ1mHdL,17.308052,50.459371,197.3
366IZ1mHdM,17.308109,50.459364,192.0
366IZ1mHdR,17.307606,50.459427,200.9
366IZ1mHdS,17.307616,50.459426,197.8
366IZ1mHdU,17.307635,50.459424,191.4
366IZ1mHdZ,17.307358,50.459458,190.2
366IZ1mHdf,17.306975,50.459506,190.9
366IZ1mHdr,17.306062,50.459621,199.0
366IZ1mHmx,17.27125,50.463977,221.1
366IZ1mHn6,17.270975,50.464011,208.8
366IZ1mHnA,17.270704,50.464045,210.1
366IZ1mHnC,17.270587,50.46406,209.8
366IZ1mHnF,17.270501,50.46407,205.5
366IZ1mHnG,17.270234,50.464104,214.8
366IZ1mHnH,17.270472,50.464074,201.3
366IZ1mHnJ,17.270119,50.464118,211.8
366IZ1mHpV,17.261802,50.465157,214.7
366IZ1mHpp,17.26057,50.465311,215.7
366IZ1mHpq,17.260512,50.465318,215.5
366IZ1mYgG,17.308466,50.459192,196.2
366IZ1mYgH,17.308455,50.459193,194.0
366IZ1mYgI,17.30855,50.459181,186.9
366IZ1mYgM,17.308115,50.459236,195.5
366IZ1mYgO,17.308077,50.459241,191.8
366IZ1mYgP,17.30802,50.459248,191.6
366IZ1mYgT,17.307631,50.459296,198.1
366IZ1mYgU,17.307578,50.459303,197.7
366IZ1mYgW,17.307514,50.459311,195.1
366IZ1mYgf,17.307041,50.45937,191.7
366IZ1mYgt,17.306048,50.459495,197.9
366IZ1mYpx,17.271529,50.463814,212.2
366IZ1mYq0,17.271342,50.463837,212.4
366IZ1mYq5,17.271189,50.463857,205.6
366IZ1mYq9,17.270855,50.463898,209.7
366IZ1mYqA,17.27089,50.463894,205.4
366IZ1mYqF,17.270632,50.463926,203.3
366IZ1mYqI,17.270171,50.463984,215.9
366IZ1mYqJ,17.27034,50.463963,205.5
366IZ1mYrp,17.264334,50.464713,219.2
366IZ1mYsX,17.261756,50.465035,215.1
366IZ1mYsr,17.260518,50.46519,216.2
366IZ1mYss,17.260416,50.465202,218.1
366IZ1mpjI,17.308448,50.459066,195.3
366IZ1mpjJ,17.308514,50.459058,189.6
366IZ1mpjM,17.308232,50.459093,194.0
366IZ1mpjN,17.308006,50.459122,201.5
366IZ1mpjR,17.307911,50.459134,194.7
366IZ1mpjd,17.307051,50.459241,200.5
366IZ1mpjf,17.307232,50.459219,186.9
366IZ1mpji,17.306884,50.459262,194.3
366IZ1mpjj,17.306871,50.459264,192.1
366IZ1mpjp,17.306424,50.45932,195.8
366IZ1mpjv,17.306129,50.459357,192.6
366IZ1mpsz,17.27135,50.463709,218.6
366IZ1mpt1,17.271364,50.463707,212.4
366IZ1mpt5,17.271339,50.46371,202.6
366IZ1mpt7,17.271172,50.463731,204.6
366IZ1mpt8,17.271098,50.46374,205.3
366IZ1mptA,17.270935,50.463761,207.1
366IZ1mptC,17.27082,50.463775,206.8
366IZ1mpuC,17.266812,50.464276,217.9
366IZ1mpuH,17.266356,50.464333,224.8
366IZ1mpup,17.264401,50.464577,219.9
366IZ1mpus,17.264199,50.464602,220.9
366IZ1mput,17.264301,50.46459,213.5
366IZ1n6mM,17.308249,50.458964,197.0
366IZ1n6mN,17.308245,50.458964,194.5
366IZ1n6mO,17.308199,50.45897,193.8
366IZ1n6me,17.307067,50.459112,200.8
366IZ1n6wA,17.271033,50.463621,206.4
366IZ1n6wB,17.271057,50.463618,202.6
366IZ1n6wD,17.270843,50.463645,206.8
366IZ1n6wd,17.269057,50.463868,216.2
366IZ1n6wt,17.268055,50.463993,217.6
366IZ1n6xI,17.266478,50.46419,220.3
366IZ1n6xi,17.264919,50.464385,219.4
366IZ1n6xr,17.26444,50.464444,216.4
366IZ1n6xs,17.264299,50.464462,220.1
366IZ1n6xu,17.264166,50.464479,220.6
366IZ1n6xv,17.264245,50.464469,214.3
366IZ1n6z4,17.260109,50.464986,206.6
366IZ1n6z5,17.260097,50.464987,204.4
366IZ1nNpP,17.3082,50.458842,194.8
366IZ1nNpQ,17.308145,50.458849,194.5
366IZ1nNpX,17.307816,50.45889,190.1
366IZ1nNpY,17.30773,50.458901,191.2
366IZ1nNpo,17.306636,50.459038,196.5
366IZ1nNpv,17.306129,50.459102,200.1
366IZ1nNpw,17.306174,50.459096,195.3
366IZ1nNz8,17.271353,50.463453,201.2
366IZ1nNzf,17.269004,50.463747,216.9
366IZ1nNzj,17.268777,50.463775,216.1
366IZ1nNzw,17.267966,50.463876,217.1
366IZ1nO0K,17.266427,50.464069,220.9
366IZ1nO0L,17.266428,50.464068,218.1
366IZ1nO0Q,17.266187,50.464099,215.3
366IZ1nO0R,17.266158,50.464102,213.8
366IZ1nO0k,17.264953,50.464253,216.2
366IZ1nO0u,17.264304,50.464334,218.1
366IZ1nO27,17.260179,50.464849,198.9
366IZ1nesS,17.308059,50.458732,196.6
366IZ1nesX,17.307827,50.458761,193.3
366IZ1nesa,17.307635,50.458785,193.7
366IZ1nesq,17.30671,50.458901,191.4
366IZ1nesy,17.30604,50.458985,199.6
366IZ1net1,17.305911,50.459001,197.2
366IZ1nf2Q,17.270265,50.463462,204.8
366IZ1nf2T,17.270017,50.463492,207.7
366IZ1nf2U,17.27003,50.463491,204.4
366IZ1nf2m,17.268758,50.46365,212.5
366IZ1nf2v,17.26809,50.463733,218.0
366IZ1nf3N,17.266379,50.463947,218.6
366IZ1nf3S,17.266015,50.463992,221.3
366IZ1nvvS,17.308297,50.458575,189.7
366IZ1nvva,17.30771,50.458648,194.1
366IZ1nvvc,17.307587,50.458664,194.2
366IZ1nvvd,17.307446,50.458681,197.8
366IZ1nvve,17.307457,50.45868,194.5
366IZ1nvvg,17.307498,50.458675,187.2
366IZ1nvvy,17.306085,50.458852,201.4
366IZ1nvvz,17.306013,50.458861,201.9
366IZ1nvw0,17.30606,50.458855,197.0
366IZ1nvw3,17.305919,50.458873,195.1
366IZ1nw5C,17.271255,50.46321,202.2
366IZ1nw5D,17.271305,50.463204,197.2
366IZ1nw5T,17.270201,50.463342,203.2
366IZ1nw5V,17.270001,50.463367,206.7
366IZ1nw5n,17.26882,50.463514,210.7
366IZ1nw5o,17.268754,50.463523,211.0
366IZ1nw5w,17.268045,50.463611,221.1
366IZ1nw5z,17.26788,50.463632,220.3
366IZ1nw6K,17.266653,50.463785,218.2
366IZ1nw6L,17.266639,50.463787,216.0
366IZ1nw6U,17.265977,50.463869,221.3
366IZ1nw6V,17.265975,50.46387,218.7
366IZ1nw6W,17.266004,50.463866,214.6
366IZ1nw6h,17.265311,50.463953,215.7
366IZ1oCyc,17.307659,50.458527,194.7
366IZ1oCye,17.307507,50.458546,196.0
366IZ1oCyg,17.307349,50.458566,197.7
366IZ1oCyh,17.307381,50.458562,193.5
366IZ1oCyi,17.307305,50.458571,194.1
366IZ1oCyj,17.3073,50.458572,191.6
366IZ1oD8d,17.269738,50.463272,200.4
366IZ1oD8e,17.269626,50.463286,202.7
366IZ1oD8q,17.268703,50.463401,211.6
366IZ1oD8s,17.268538,50.463422,213.5
366IZ1oD8t,17.26841,50.463438,216.6
366IZ1oD8w,17.268192,50.463465,218.2
366IZ1oD8z,17.267946,50.463496,221.1
366IZ1oD91,17.26794,50.463497,215.9
366IZ1oD9N,17.266568,50.463668,217.5
366IZ1oD9P,17.266574,50.463667,211.8
366IZ1oD9X,17.266015,50.463737,215.1
366IZ1oD9i,17.265201,50.463839,221.7
366IZ1oD9k,17.265284,50.463828,212.5
366IZ1oDA2,17.264104,50.463976,216.5
366IZ1oDA3,17.264168,50.463968,210.8
366IZ1oU1Y,17.308042,50.458351,192.2
366IZ1oU1h,17.30736,50.458437,198.2
366IZ1oU1j,17.307363,50.458436,192.5
366IZ1oU27,17.305751,50.458638,199.2
366IZ1oUBf,17.269713,50.463148,199.8
366IZ1oUBg,17.269687,50.463151,198.2
366IZ1oUBu,17.268477,50.463302,214.6
366IZ1oUBv,17.268396,50.463312,215.5
366IZ1oUBy,17.268146,50.463343,218.5
366IZ1oUCO,17.266563,50.463541,218.8
366IZ1oUCQ,17.266526,50.463546,214.9
366IZ1oUCm,17.265226,50.463708,213.4
366IZ1ol4S,17.30849,50.458167,192.3
366IZ1ol4d,17.307763,50.458258,194.8
366IZ1ol4e,17.307668,50.45827,196.3
366IZ1olF1,17.268108,50.46322,215.8
366IZ1olF2,17.268116,50.463219,212.6
366IZ1olFA,17.2675,50.463296,218.6
366IZ1olFP,17.266554,50.463414,220.2
366IZ1olFQ,17.266525,50.463418,218.8
366IZ1olFS,17.266458,50.463426,216.3
366IZ1olFc,17.265896,50.463497,214.3
366IZ1olFk,17.265604,50.463533,205.5
366IZ1olFn,17.265287,50.463573,211.6
366IZ1olFo,17.265223,50.463581,211.8
366IZ1p27f,17.307657,50.458144,197.8
366IZ1p27g,17.307629,50.458147,196.3
366IZ1p27x,17.306665,50.458268,193.0
366IZ1p27y,17.306622,50.458274,192.3
366IZ1p2Iq,17.265192,50.463457,211.4
366IZ1p2J2,17.264294,50.463569,219.2
366IZ1p2J4,17.264203,50.46358,217.8
366IZ1p2J5,17.264232,50.463577,213.7
366IZ1pJAh,17.307689,50.458012,194.7
366IZ1pJAi,17.30764,50.458018,194.1
366IZ1pJAq,17.307162,50.458078,193.7
366IZ1pJB0,17.306639,50.458144,189.8
366IZ1pJB9,17.305979,50.458227,194.7
366IZ1pJBA,17.306008,50.458223,190.7
366IZ1pJM4,17.264352,50.463434,214.8
366IZ1pJM6,17.264189,50.463454,216.7
366IZ1pJM7,17.26426,50.463446,210.7
366IZ1pJM9,17.264103,50.463465,212.3
366IZ1pJMA,17.26402,50.463476,213.3
366IZ1paE2,17.306541,50.458029,192.5
366IZ1paE3,17.306529,50.45803,190.2
366IZ1paE5,17.306553,50.458027,183.7
366IZ1paNt,17.269244,50.462696,197.6
366IZ1paO8,17.268174,50.462829,204.8
366IZ1paO9,17.268143,50.462833,203.5
366IZ1paOK,17.26747,50.462917,203.7
366IZ1paOL,17.267454,50.462919,201.7
366IZ1paP9,17.264293,50.463314,207.5
366IZ1paPB,17.264046,50.463345,213.2
366IZ1prGh,17.307755,50.457748,199.2
366IZ1prGi,17.307856,50.457736,191.9
366IZ1prGj,17.307712,50.457754,195.7
366IZ1prH2,17.306638,50.457889,191.8
366IZ1prH3,17.306528,50.457902,194.0
366IZ1prH5,17.306499,50.457906,189.9
366IZ1prQu,17.269188,50.462575,201.2
366IZ1prRB,17.268164,50.462703,200.8
366IZ1prRM,17.267467,50.46279,202.1
366IZ1prRN,17.267462,50.462791,199.6
366IZ1q8Jl,17.307855,50.457609,187.5
366IZ1q8KA,17.306306,50.457803,188.6
366IZ1q8KL,17.305409,50.457915,198.7
366IZ1q8UP,17.267376,50.462674,201.8
366IZ1qgPt,17.307412,50.457409,193.0
366IZ1qgdF,17.256674,50.463755,210.6
366IZ1qgdG,17.25659,50.463765,211.7
366IZ1qxSm,17.308002,50.457207,189.4
366IZ1qxSo,17.307896,50.45722,188.7
366IZ1qxgH,17.256614,50.463635,211.6
366IZ1qxgI,17.256601,50.463636,209.4
366IZ1rEVl,17.307981,50.457082,196.9
366IZ1rEVo,17.308006,50.457079,187.5
366IZ1rEVq,17.307855,50.457098,188.8
366IZ1rEjK,17.256573,50.463512,208.9
366IZ1rVYn,17.30799,50.456953,194.8
366IZ1rVYp,17.307936,50.45696,191.7
366IZ1rVYq,17.307843,50.456971,193.1
366IZ1rVZJ,17.306093,50.457191,192.2
366IZ1rmbu,17.307662,50.456866,194.0
366IZ1rmcL,17.306046,50.457069,192.6
366IZ1s3fZ,17.305129,50.457056,199.2
366IZ1s3tc,17.251742,50.463732,219.5
366IZ1s3td,17.251728,50.463734,217.4
366IZ1s3te,17.251694,50.463738,216.2
366IZ1s3th,17.251603,50.463749,212.1
366IZ1sKiU,17.305694,50.456858,191.3
366IZ1sKwd,17.251825,50.463594,216.8
366IZ1sKwf,17.251739,50.463605,215.2
366IZ1sKwg,17.251636,50.463618,217.1
366IZ1ssoX,17.305668,50.456606,191.8
366IZ1t9rX,17.305686,50.456476,194.7
366IZ1tA5m,17.251597,50.463239,213.7
366IZ1tA5n,17.251555,50.463245,212.8
366IZ1tQuZ,17.305746,50.45634,190.3
366IZ1tQue,17.305453,50.456377,189.8
366IZ1tR8o,17.25159,50.463113,212.3
366IZ1uG3f,17.305615,50.455974,191.0
366IZ1uX6l,17.30532,50.455883,191.6
366IZ1uo9n,17.305236,50.455766,193.6
366IZ1uo9p,17.305244,50.455765,187.8
366IZ1v5Cr,17.305234,50.455638,186.5
366IZ1vuM3,17.304573,50.455338,194.6
366IZ1wBP3,17.304667,50.455199,194.1
366IZ1wjhp,17.256382,50.460983,207.6
366IZ1x0Y6,17.304804,50.454798,191.0
366IZ1x0kr,17.25641,50.460851,204.6
366IZ1x0kt,17.256345,50.46086,202.1
366IZ1xHb8,17.304713,50.454682,193.4
366IZ1xphD,17.304688,50.45443,188.3
366IZ1xphE,17.304676,50.454432,186.1
366IZ1yeqK,17.304388,50.454084,193.8
366IZ1yeqP,17.304079,50.454123,194.0
366IZ1yvtM,17.304408,50.453954,191.2
366IZ1yvtR,17.304016,50.454003,195.1
366IZ1zTzU,17.304053,50.453743,192.8
366IZ1zTzW,17.303857,50.453768,196.1
366IZ1zTzX,17.303805,50.453774,195.7
366IZ1zl2Y,17.303841,50.453642,195.1
366IZ2025W,17.304119,50.45348,191.9
366IZ20J8b,17.303903,50.453379,191.6
366IZ20J8d,17.303706,50.453404,195.0
366IZ20aBa,17.304072,50.45323,190.5
366IZ20aBb,17.303944,50.453246,193.5
366IZ20aBf,17.303686,50.453279,194.2
366IZ20rEd,17.303965,50.453116,190.9
366IZ21PKm,17.303391,50.452932,199.5
366IZ21PKn,17.30337,50.452935,197.7
366IZ21gNo,17.303405,50.452803,197.2
366IZ22VWn,17.303778,50.452373,194.3
366IZ22VWo,17.303728,50.452379,193.9
366IZ22mZq,17.303705,50.452255,193.2
366IZ22mZr,17.3037,50.452255,190.7
366IZ233cs,17.303623,50.452137,195.2
366IZ233ct,17.303636,50.452136,191.8
366IZ233cv,17.303563,50.452145,189.6
366IZ233d4,17.302887,50.452229,195.3
366IZ23Kfu,17.303528,50.452021,197.7
366IZ23Kfv,17.303541,50.45202,194.3
366IZ23Kfy,17.303462,50.45203,189.7
366IZ23Kfz,17.303357,50.452043,191.7
366IZ23Kg3,17.302945,50.452094,199.2
366IZ23bj2,17.303306,50.451922,189.5
366IZ23sm4,17.303169,50.451811,193.9
366IZ23sm7,17.302869,50.451848,199.2
366IZ249pD,17.302717,50.45174,193.3
366IZ24QsC,17.302745,50.451609,198.6
366IZ24hvB,17.303098,50.451437,189.2
366IZ24hvE,17.302741,50.451481,197.0
366IZ24hvF,17.302687,50.451488,196.7
366IZ24yyC,17.303065,50.451313,191.7
366IZ25X4L,17.302565,50.45112,197.0
366IZ26dGS,17.302618,50.450603,190.5
366IZ27BMU,17.302542,50.450357,195.9
366IZ27SPT,17.302714,50.450208,194.7
366IZ27SPZ,17.302364,50.450252,194.0
366IZ27jSa,17.302353,50.450126,195.5
366IZ27jSb,17.302365,50.450124,192.2
366IZ280Vb,17.302363,50.449997,196.1
366IZ280Vi,17.301937,50.45005,196.0
366IZ280Vj,17.301783,50.450069,200.2
366IZ28Ybg,17.302277,50.449752,193.7
366IZ28pei,17.302229,50.44963,194.2
366IZ296hk,17.302161,50.449511,195.5
366IZ296ho,17.301874,50.449547,197.4
366IZ296hs,17.301715,50.449567,193.6
366IZ29Nkr,17.301758,50.449434,198.2
366IZ29Nks,17.30177,50.449432,194.9
366IZ29Nku,17.301556,50.449459,199.0
366IZ29vr0,17.301482,50.449213,193.4
366IZ2ACtq,17.302231,50.448992,190.9
366IZ2ACtw,17.301788,50.449047,194.4
366IZ2ACu2,17.301463,50.449088,192.6
366IZ2ATws,17.302141,50.448875,193.2
366IZ2ATwz,17.30174,50.448925,192.1
366IZ2ATx4,17.301199,50.448993,202.7
366IZ2Al00,17.301744,50.448797,192.9
366IZ2AlLj,17.21981,50.459033,203.9
366IZ2B233,17.301573,50.448691,196.1
366IZ2B2Oh,17.220005,50.458881,204.3
366IZ2BJ64,17.301616,50.448558,195.2
366IZ2BJ6B,17.301293,50.448598,190.5
366IZ2BJRj,17.219987,50.458756,203.4
366IZ2BaUq,17.219501,50.458688,210.1
366IZ2BaUr,17.219532,50.458685,205.9
366IZ2BaUx,17.219257,50.458719,202.0
366IZ2BrCC,17.301264,50.448347,196.6
366IZ2BrXn,17.219908,50.45851,203.5
366IZ2BrXs,17.219582,50.458551,204.6
366IZ2C8FE,17.301339,50.44821,191.5
366IZ2C8al,17.219865,50.458388,214.7
366IZ2C8am,17.219759,50.458401,216.8
366IZ2C8ar,17.219756,50.458401,203.2
366IZ2CPdl,17.220111,50.45823,207.3
366IZ2CPdm,17.219971,50.458247,210.9
366IZ2CPdo,17.219774,50.458271,214.4
366IZ2CPdq,17.219803,50.458268,207.6
366IZ2CPdr,17.219766,50.458273,206.5
366IZ2CPdt,17.219758,50.458274,201.4
366IZ2CPdw,17.21944,50.458313,207.6
366IZ2Cggi,17.220413,50.458064,205.5
366IZ2Cggn,17.220134,50.458099,204.5
366IZ2Cggu,17.21976,50.458146,202.3
366IZ2Cggw,17.219543,50.458173,206.7
366IZ2Cxji,17.220442,50.457933,207.9
366IZ2Cxjk,17.220312,50.457949,208.4
366IZ2Cxjl,17.220378,50.457941,202.6
366IZ2Cxjr,17.219928,50.457997,206.6
366IZ2Cxjs,17.21995,50.457994,202.9
366IZ2Cxjt,17.219864,50.458005,204.1
366IZ2Cxju,17.219812,50.458012,203.7
366IZ2Cxjw,17.219631,50.458034,206.4
366IZ2Cxjy,17.219458,50.458056,208.8
366IZ2Cxk1,17.21944,50.458058,201.4
366IZ2CxkF,17.218511,50.458174,205.2
366IZ2DEmg,17.220605,50.457785,209.8
366IZ2DEmi,17.220632,50.457782,203.0
366IZ2DEmn,17.220299,50.457823,204.5
366IZ2DEmq,17.220111,50.457847,204.8
366IZ2DEmu,17.220068,50.457852,195.7
366IZ2DEmy,17.219764,50.45789,198.6
366IZ2DEn9,17.218828,50.458006,211.1
366IZ2DEnB,17.218766,50.458014,208.4
366IZ2DEnE,17.218564,50.458039,209.4
366IZ2DEnH,17.218427,50.458056,207.3
366IZ2DEnI,17.218337,50.458068,208.7
366IZ2DEnJ,17.218345,50.458067,205.6
366IZ2DEnM,17.218123,50.458094,207.4
366IZ2DVpg,17.220657,50.457651,211.2
366IZ2DVpj,17.220561,50.457663,207.3
366IZ2DVpk,17.220564,50.457663,204.4
366IZ2DVpm,17.220405,50.457682,206.2
366IZ2DVpo,17.220398,50.457683,201.0
366IZ2DVpr,17.22024,50.457703,200.0
366IZ2DVps,17.220004,50.457732,208.0
366IZ2DVpu,17.219874,50.457749,208.4
366IZ2DVpw,17.219881,50.457748,202.6
366IZ2DVq7,17.219052,50.457851,210.1
366IZ2DVqB,17.218731,50.457891,213.8
366IZ2DVqF,17.218584,50.457909,209.4
366IZ2DVqG,17.218593,50.457908,206.3
366IZ2DVqL,17.218391,50.457933,201.7
366IZ2DVqO,17.21808,50.457972,207.7
366IZ2DVqP,17.218002,50.457982,208.5
366IZ2DVqV,17.217767,50.458011,202.7
366IZ2DVqW,17.217844,50.458002,196.5
366IZ2Dmsf,17.220821,50.457503,210.3
366IZ2Dmsk,17.220583,50.457533,207.3
366IZ2Dmsp,17.220457,50.457548,199.3
366IZ2Dmsq,17.220333,50.457564,202.2
366IZ2Dmsv,17.219848,50.457624,210.6
366IZ2Dmsw,17.219814,50.457628,209.4
366IZ2Dmsx,17.21973,50.457639,210.5
366IZ2Dmsy,17.219864,50.457622,201.6
366IZ2DmtA,17.218816,50.457753,216.4
366IZ2DmtF,17.218693,50.457768,208.2
366IZ2DmtH,17.218553,50.457785,209.1
366IZ2DmtQ,17.218143,50.457837,203.1
366IZ2DmtX,17.217724,50.457889,202.9
366IZ2E3wB,17.218875,50.457618,214.7
366IZ2E3wT,17.218055,50.45772,202.6
366IZ2E3wZ,17.21771,50.457763,201.8
366IZ2E3wa,17.217528,50.457785,207.4
366IZ2EKdR,17.30117,50.447209,193.6
366IZ2EKdc,17.300371,50.447309,199.3
366IZ2EKzF,17.218721,50.457509,214.5
366IZ2EKzX,17.217883,50.457614,203.2
366IZ2EbgV,17.30095,50.447109,196.2
366IZ2EsjX,17.300926,50.446984,195.6
366IZ2Et5L,17.218662,50.457261,208.2
366IZ2Et5i,17.217345,50.457425,205.0
366IZ2FA8K,17.218843,50.457111,206.4
366IZ2FA8L,17.218815,50.457115,205.0
366IZ2FA8O,17.218552,50.457147,208.7
366IZ2FA8Z,17.218097,50.457204,199.2
366IZ2FA8k,17.21737,50.457295,202.1
366IZ2FA8n,17.21726,50.457308,198.9
366IZ2FRBL,17.218869,50.45698,206.3
366IZ2FRBM,17.218814,50.456987,206.0
366IZ2FRBP,17.21867,50.457005,204.4
366IZ2FRBR,17.218575,50.457017,203.2
366IZ2FRBo,17.217179,50.457191,203.6
366IZ2FRBp,17.217188,50.45719,200.4
366IZ2FiEP,17.218765,50.456866,203.8
366IZ2FiER,17.218697,50.456874,201.3
366IZ2FiES,17.218616,50.456884,202.3
366IZ2FiET,17.218556,50.456892,202.3
366IZ2FiEq,17.217212,50.457059,200.3
366IZ2Fyvo,17.300129,50.446573,199.8
366IZ2Fyvp,17.300039,50.446585,201.1
366IZ2FzHU,17.218608,50.456758,200.9
366IZ2FzIp,17.213497,50.457394,205.8
366IZ2FzIq,17.213506,50.457393,202.7
366IZ2GGKV,17.218584,50.456633,203.1
366IZ2GGKq,17.217241,50.4568,206.5
366IZ2GX1l,17.300587,50.446261,195.0
366IZ2GX1m,17.300473,50.446275,197.3
366IZ2GX1q,17.300151,50.446315,200.9
366IZ2GX1r,17.300084,50.446324,201.1
366IZ2GXNr,17.217184,50.456679,210.2
366IZ2GXNs,17.217165,50.456682,208.3
366IZ2GXOs,17.213438,50.457146,207.8
366IZ2GXOt,17.21343,50.457147,205.4
366IZ2GXOu,17.213449,50.457145,201.8
366IZ2Go4m,17.300584,50.446133,196.1
366IZ2Go4n,17.300555,50.446137,194.7
366IZ2Go4r,17.300269,50.446173,196.5
366IZ2Go4u,17.300066,50.446198,197.4
366IZ2Go4v,17.300096,50.446194,193.4
366IZ2GoRp,17.21374,50.456981,206.0
366IZ2H57p,17.300483,50.446018,196.2
366IZ2H57s,17.30024,50.446049,198.9
366IZ2H57w,17.299915,50.446089,202.5
366IZ2H57y,17.29994,50.446086,195.9
366IZ2H5U4,17.216775,50.456475,200.6
366IZ2H5Up,17.213847,50.45684,204.9
366IZ2H5Uq,17.213824,50.456843,203.2
366IZ2H5Ur,17.213735,50.456854,204.5
366IZ2H5Us,17.213724,50.456855,202.2
366IZ2H5Ut,17.213545,50.456877,207.6
366IZ2HMAv,17.30021,50.445925,195.8
366IZ2HMB0,17.299962,50.445956,193.2
366IZ2HMXt,17.213684,50.456732,205.1
366IZ2HMXu,17.213628,50.456739,204.8
366IZ2HMXv,17.213604,50.456742,203.2
366IZ2HMXy,17.213409,50.456767,203.9
366IZ2HdDv,17.300303,50.445786,195.3
366IZ2HdDx,17.300219,50.445796,193.6
366IZ2HdDy,17.29993,50.445832,203.9
366IZ2HdDz,17.29996,50.445828,199.8
366IZ2Hda7,17.216769,50.456221,200.1
366IZ2Hda8,17.216697,50.45623,200.6
366IZ2Hdaw,17.213414,50.456638,212.9
366IZ2HuGy,17.300276,50.445661,192.1
366IZ2HuH0,17.300073,50.445687,195.7
366IZ2HuH3,17.299792,50.445722,200.1
366IZ2HuH4,17.299719,50.445731,200.7
366IZ2Hudy,17.213503,50.4565,207.1
366IZ2IBK1,17.300111,50.445554,195.0
366IZ2IBK2,17.300144,50.44555,190.8
366IZ2IBK4,17.299811,50.445592,200.3
366IZ2IBK7,17.299705,50.445605,196.8
366IZ2IBh0,17.213518,50.45637,204.7
366IZ2ISN8,17.29971,50.445477,197.6
366IZ2ISN9,17.299671,50.445482,196.6
366IZ2ISk3,17.213387,50.456259,206.1
366IZ2IjQ2,17.300149,50.445294,198.1
366IZ2IjQ3,17.300169,50.445292,194.5
366IZ2J0TA,17.299628,50.445232,203.4
366IZ2J0TD,17.299589,50.445236,196.9
366IZ2JHW7,17.300022,50.445055,197.6
366IZ2JYZI,17.299416,50.445003,198.5
366IZ2Jpym,17.21484,50.45544,205.4
366IZ2Jpyo,17.214765,50.455449,203.3
366IZ2K6fI,17.299573,50.444728,198.9
366IZ2K6fK,17.299212,50.444773,209.7
366IZ2K6fM,17.299248,50.444768,202.6
366IZ2K6fN,17.299194,50.444775,202.3
366IZ2K71o,17.214842,50.455312,203.5
366IZ2K71q,17.214784,50.455319,200.7
366IZ2KNiF,17.299892,50.44456,196.6
366IZ2KNiG,17.299836,50.444567,196.3
366IZ2KNiM,17.299358,50.444627,201.4
366IZ2KNiN,17.299396,50.444622,196.9
366IZ2KNiP,17.299298,50.444635,195.9
366IZ2KelI,17.299798,50.444444,196.4
366IZ2KelK,17.2997,50.444456,195.3
366IZ2KelL,17.299639,50.444464,195.3
366IZ2KelM,17.299523,50.444479,197.8
366IZ2KelQ,17.299179,50.444522,202.3
366IZ2KelR,17.299255,50.444512,196.1
366IZ2Kf7Y,17.215974,50.454916,203.5
366IZ2KvoL,17.299696,50.444329,196.5
366IZ2KvoQ,17.299329,50.444375,199.3
366IZ2KvoR,17.299362,50.444371,195.0
366IZ2KvoT,17.299158,50.444397,198.7
366IZ2KwAa,17.215998,50.454785,200.6
366IZ2LCrN,17.299681,50.444203,195.4
366IZ2LCrO,17.299618,50.444211,195.5
366IZ2LCrP,17.299457,50.444231,200.0
366IZ2LCrQ,17.299448,50.444233,197.6
366IZ2LCrR,17.29941,50.444237,196.6
366IZ2LCrV,17.299128,50.444273,198.4
366IZ2LTuS,17.299474,50.444102,194.7
366IZ2LTuW,17.299022,50.444158,204.1
366IZ2LTuX,17.299065,50.444153,199.5
366IZ2LkxV,17.2993,50.443996,198.1
366IZ2Ma6a,17.299274,50.443616,196.9
366IZ2N8Cf,17.299123,50.443379,197.4
366IZ2NPFh,17.299144,50.443249,194.8
366IZ2NgIk,17.298952,50.443146,198.9
366IZ2NxLp,17.298842,50.443032,193.9
366IZ2OEOm,17.299015,50.442882,198.1
366IZ2OEOr,17.298795,50.44291,194.3
366IZ2OVRp,17.298931,50.442765,197.5
366IZ2OVRq,17.298916,50.442767,195.4
366IZ2OmUq,17.298864,50.442646,201.4
366IZ2OmUs,17.298781,50.442656,199.7
366IZ2P3Xr,17.299016,50.442499,195.6
366IZ2P3Xu,17.298845,50.442521,195.1
366IZ2PKau,17.298899,50.442386,196.4
366IZ2PKaw,17.298764,50.442403,197.0
366IZ2PKb4,17.298269,50.442465,197.4
366IZ2Pbdv,17.298942,50.442253,195.5
366IZ2Pbdy,17.298688,50.442285,198.7
366IZ2Pbdz,17.298719,50.442281,194.6
366IZ2Pbe0,17.298628,50.442292,195.9
366IZ2Psgx,17.298831,50.442139,198.8
366IZ2Psgy,17.29871,50.442154,201.5
366IZ2Psgz,17.298714,50.442154,198.6
366IZ2Psh2,17.298622,50.442165,194.5
366IZ2Q9k0,17.298736,50.442023,198.6
366IZ2Q9k2,17.298687,50.44203,195.3
366IZ2Q9k3,17.298603,50.44204,196.3
366IZ2Q9k4,17.29859,50.442042,194.2
366IZ2Q9k9,17.298122,50.4421,201.5
366IZ2QQn4,17.298586,50.441914,198.1
366IZ2QQn6,17.298549,50.441919,194.3
366IZ2QQnB,17.29811,50.441974,200.4
366IZ2Qhq6,17.298555,50.441791,197.8
366IZ2Qhq8,17.298461,50.441802,196.5
366IZ2RWzB,17.29852,50.441412,196.9
366IZ2Ro2C,17.298454,50.441293,200.9
366IZ2S55E,17.298452,50.441165,199.3
366IZ2S55F,17.298418,50.441169,198.1
366IZ2S55J,17.29823,50.441193,195.6
366IZ2S55K,17.298123,50.441206,197.6
366IZ2V6cf,17.297741,50.43985,198.5
366IZ2Veic,17.298153,50.439543,195.8
366IZ2YPCp,17.298234,50.438256,194.0
366IZ2YgFq,17.298199,50.438132,196.6
366IZ2f0Qe,17.285663,50.436766,200.3
366IZ2f0Qi,17.285483,50.436788,197.4
366IZ2fHTg,17.285711,50.436632,196.4
366IZ2gem4,17.273348,50.437541,196.8
366IZ2gem5,17.273283,50.437549,196.9
366IZ2gemE,17.272779,50.437612,195.0
366IZ2gvp7,17.273236,50.437428,197.3
366IZ2gvp9,17.273301,50.43742,188.9
366IZ2gvpA,17.273121,50.437442,194.3
366IZ2gvpD,17.272954,50.437463,193.6
366IZ2hCs9,17.273227,50.437301,196.0
366IZ2hCsC,17.273084,50.437319,194.2
366IZ2hCsD,17.272936,50.437337,198.2
366IZ2hCsF,17.272901,50.437342,194.2
366IZ2hTuZ,17.275523,50.436886,194.9
366IZ2hTvE,17.272967,50.437206,197.8
366IZ2hTvF,17.272887,50.437216,198.7
366IZ2hTvL,17.27257,50.437255,196.5
366IZ2hTvM,17.272564,50.437256,194.0
366IZ2hkud,17.286598,50.435372,198.4
366IZ2hkyH,17.272877,50.437089,197.3
366IZ2hkyN,17.27255,50.43713,195.7
366IZ2hkyO,17.272534,50.437132,193.6
366IZ2hkyQ,17.272434,50.437145,192.7
366IZ2i1xg,17.286596,50.435244,194.0
366IZ2iJ0f,17.286586,50.435118,201.0
366IZ2iJ0g,17.286572,50.43512,198.9
366IZ2iJ0h,17.286494,50.435129,199.7
366IZ2iJ4T,17.272397,50.436894,193.6
366IZ2ia3h,17.286638,50.434984,196.9
366IZ2ia3i,17.286546,50.434995,198.3
366IZ2ir6j,17.286608,50.43486,196.6
366IZ2ir6k,17.286558,50.434866,196.1
366IZ2j89k,17.2866,50.434733,197.9
366IZ2j89l,17.28652,50.434743,198.8
366IZ2jPCo,17.286476,50.434621,196.3
